1,-0.10646748542785645
1,-0.27131322026252747
1,-0.28764119744300837
2,-0.31980040669441223
2,0.13906480371952057
2,0.13890281319618225
4,-0.13928742706775665
4,-0.2713748812675476
4,-0.287708431482315
5,-0.3197998106479645
5,0.1388009786605835
5,0.15540640056133267
7,-0.1392865031957626
7,-0.2387909293174744
7,-0.23849990963935855
8,-0.31979885697364807
8,0.20420706272125244
8,0.1882763803005218
10,-0.17210613191127774
10,-0.222622811794281
10,-0.32108229398727417
11,-0.31979784369468683
11,0.22037100791931152
11,0.18831422924995425
13,-0.15569801628589633
13,-0.19005562365055087
13,-0.30399611592292786
14,-0.2705688774585724
14,0.2198736071586609
14,0.20479086041450503
16,-0.13928477466106412
16,-0.19031301140785215
16,-0.28748655319213867
17,-0.30338603258132935
17,0.2526473701000214
17,0.2197502255439758
19,-0.10645943880081177
19,-0.17426694929599762
19,-0.2874468266963959
20,-0.2705601751804352
20,0.21943965554237366
20,0.22128593921661374
22,-0.07363138347864151
22,-0.17469538748264313
22,-0.28737226128578186
23,-0.28696224093437195
23,0.21904951333999634
23,0.22137990593910217
25,-0.15567232668399814
25,-0.1749945729970932
25,-0.2708098888397217
26,-0.3033614158630371
26,0.2187424302101135
26,0.2351580262184143
28,-0.10642818361520769
28,-0.1753375083208084
28,-0.25436875224113464
29,-0.2705265283584595
29,0.21838515996932986
29,0.23803210258483884
31,-0.09000407159328459
31,-0.1593121737241745
31,-0.2543971538543701
32,-0.30333229899406433
32,0.2508049011230469
32,0.2380412518978119
34,-0.1063970923423767
34,-0.2745142281055451
34,-0.28728967905044556
35,-0.3033136427402497
35,0.21752387285232547
35,0.23808518052101132
37,-0.10636982321739197
37,-0.16023154556751248
37,-0.23777687549591064
38,-0.2868742346763611
38,0.2006453275680542
38,0.23823392391204834
40,-0.1555621176958084
40,-0.2757309377193451
40,-0.2870151102542877
41,-0.3196537792682647
41,0.16711474955081937
41,0.2378268539905548
43,-0.10627415776252747
43,-0.17779548466205594
43,-0.25444543361663824
44,-0.31959229707717896
44,0.21551868319511414
44,0.2380707859992981
46,-0.10622736811637878
46,-0.17902956902980804
46,-0.25431379675865173
47,-0.30313763022422796
47,0.23135361075401306
47,0.12352646142244338
49,-0.10619006305932997
49,-0.2788916826248169
49,-0.28562325239181513
50,-0.30310073494911194
50,0.21281754970550537
50,0.24078398942947385
52,-0.10614103078842163
52,-0.16612453758716583
52,-0.2872273623943329
53,-0.2866504490375518
53,0.22677284479141233
53,0.2406788021326065
55,-0.10613712668418884
55,-0.28445109724998474
55,-0.26777878403663635
56,-0.30309548974037165
56,0.23895691335201266
56,0.15548670291900635
58,-0.10685739666223527
58,-0.29088860750198364
58,-0.2913867831230164
59,-0.2713514566421509
59,0.21489006280899048
59,0.24503080546855927
61,-0.1079668402671814
61,-0.16597099602222445
61,-0.30264720320701594
62,-0.30512991547584534
62,0.22027549147605896
62,0.25115689635276794
64,-0.09170339256525041
64,-0.17644575238227841
64,-0.2965979278087616
65,-0.3213111460208893
65,0.1762448400259018
65,0.2425040602684021
67,-0.10739347338676451
67,-0.2917599081993103
67,-0.2921594977378845
68,-0.28753337264060974
68,0.22623080015182495
68,0.1533592343330383
70,-0.15562133491039276
70,-0.19911396503448486
70,-0.2880097925662994
71,-0.30332621932029724
71,0.22534444928169253
71,0.2492017596960068
73,-0.09001071006059647
73,-0.28469809889793396
73,-0.28979063034057617
74,-0.2705272138118744
74,0.1745280474424362
74,0.15457786619663239
76,-0.15565772354602814
76,-0.1705535501241684
76,-0.2709693908691406
77,-0.30335623025894165
77,0.2231391370296478
77,0.2390778362751007
79,-0.1392909437417984
79,-0.18754725158214566
79,-0.2869786918163299
80,-0.3198075294494629
80,0.22260889410972595
80,0.23894166946411136
82,-0.10649555921554567
82,-0.2853353321552276
82,-0.28616929054260254
83,-0.31983330845832825
83,0.22228607535362246
83,0.23895865678787231
85,-0.07374388724565505
85,-0.17168940603733063
85,-0.28577741980552673
86,-0.3199231028556824
86,0.2221067547798157
86,0.23908844590187073
88,-0.15584096312522885
88,-0.2866999506950379
88,-0.2861579060554505
89,-0.3035377562046051
89,0.22199746966362002
89,0.15696282684803003
91,-0.10664340853691101
91,-0.2704078853130341
91,-0.2861391901969909
92,-0.3035653233528137
92,0.2218776345252991
92,0.23908910155296323
94,-0.15587411820888522
94,-0.20414188504219052
94,-0.2531691193580627
95,-0.3199772536754608
95,0.23821237683296206
95,0.2390936613082886
97,-0.15587586164474487
97,-0.2213711142539978
97,-0.2861154079437256
98,-0.31997898221015925
98,0.22170501947402954
98,0.23898670077323914
100,-0.1066465973854065
100,-0.171491876244545
100,-0.28622603416442866
101,-0.31998032331466675
101,0.22227525711059568
101,0.23883908987045285
103,-0.15587852895259857
103,-0.2870927453041076
103,-0.2863441705703736
104,-0.31998148560523987
104,0.2215878665447235
104,0.23875540494918823
106,-0.15587945282459256
106,-0.28714349865913386
106,-0.2863885164260864
107,-0.3199823498725891
107,0.22222137451171878
107,0.2385549545288086
109,-0.10664939880371094
109,-0.17227412760257718
109,-0.286560982465744
110,-0.31998318433761597
110,0.22156837582588199
110,0.23851725459098813
112,-0.1558813601732254
112,-0.2871512770652771
112,-0.2865745127201081
113,-0.3199843764305115
113,0.2215648293495178
113,0.2385401129722595
115,-0.15588228404521942
115,-0.22151902318000793
115,-0.28668496012687683
116,-0.31998512148857117
116,0.2051025629043579
116,0.2384217381477356
118,-0.15588298439979553
118,-0.2872036695480346
118,-0.2867012023925781
119,-0.319985568523407
119,0.20508715510368347
119,0.23841992020606997
121,-0.15588319301605222
121,-0.287283331155777
121,-0.28674736618995667
122,-0.31998601555824285
122,0.20504263043403625
122,0.23840948939323425
124,-0.15588392317295072
124,-0.28729391098022466
124,-0.2866632044315338
125,-0.3199867606163025
125,0.20497554540634155
125,0.2219611406326294
127,-0.15588469803333282
127,-0.28737461566925043
127,-0.2871702015399933
128,-0.3199873566627503
128,0.20572081208229068
128,0.22206124663352966
130,-0.15588544309139252
130,-0.2873404324054718
130,-0.3035813868045807
131,-0.2707574963569641
131,0.20497360825538635
131,0.22201845049858093
133,-0.15588615834712982
133,-0.28732299804687494
133,-0.3035821318626404
134,-0.27075824141502386
134,0.20499014854431155
134,0.22154584527015683
136,-0.15588714182376864
136,-0.15602384507656097
136,-0.30306309461593633
137,-0.2707593142986298
137,0.20569214224815366
137,0.22189319133758542
139,-0.15588809549808505
139,-0.28665354847908014
139,-0.303138792514801
140,-0.27076038718223566
140,0.20501874387264252
140,0.2218964993953705
142,-0.12306939810514449
142,-0.2872907221317292
142,-0.30310946702957153
143,-0.27076226472854614
143,0.20500129461288452
143,0.2219621241092682
145,-0.1558922976255417
145,-0.2872928977012634
145,-0.2539970576763153
146,-0.3200004994869232
146,0.20501333475112915
146,0.22153925895690918
148,-0.15589796006679535
148,-0.2867676615715027
148,-0.2704295814037323
149,-0.32000070810317993
149,0.20500162243843081
149,0.22186797857284546
151,-0.15589873492717743
151,-0.28728640079498285
151,-0.25407093763351446
152,-0.32000160217285156
152,0.31989604234695435
152,0.22168478369712827
154,-0.1558995395898819
154,-0.2873024046421051
154,-0.2704364061355591
155,-0.3200022578239441
155,0.23785659670829776
155,0.22153738141059878
157,-0.12307941168546677
157,-0.1888269782066345
157,-0.30327576398849493
158,-0.32000306248664856
158,0.23786991834640506
158,0.22190162539482117
160,-0.17231105268001554
160,-0.25443169474601746
160,-0.3196440935134887
161,-0.32000353932380676
161,0.2050466537475586
161,0.20543953776359558
163,-0.17231146991252896
163,-0.3036473393440247
163,-0.3196452260017395
164,-0.32000380754470825
164,0.18866202235221866
164,0.2055271416902542
166,-0.17231081426143643
166,-0.22125104069709778
166,-0.3197512626647949
167,-0.2871825993061066
167,0.20508268475532532
167,0.20546968281269076
169,-0.2215416729450226
169,-0.2872303724288941
169,-0.31965646147727966
170,-0.28718268871307373
170,0.2054211050271988
170,0.2054206132888794
172,-0.22154173254966733
172,-0.2872161567211151
172,-0.3199992179870605
173,-0.28718274831771856
173,0.2050819993019104
173,0.2054208815097809
175,-0.17231102287769318
175,-0.22157341241836548
175,-0.3196561336517334
176,-0.2871828079223633
176,0.2050935328006744
176,0.22187948226928714
178,-0.2215418517589569
178,-0.28721335530281067
178,-0.3199990391731262
179,-0.28718289732933044
179,0.20542889833450317
179,0.2218764424324036
181,-0.17231114208698273
181,-0.2872127890586853
181,-0.31999897956848145
182,-0.2871829271316529
182,0.2054309695959091
182,0.22187352180480957
184,-0.20513170957565308
184,-0.22157153487205503
184,-0.3199989199638366
185,-0.2871829867362976
185,0.20509594678878787
185,0.13948830962181089
187,-0.15590097010135648
187,-0.3200428485870361
187,-0.3196673095226288
188,-0.32000353932380676
188,0.20508624613285062
188,0.22187027335166934
190,-0.15590099990367892
190,-0.2872113883495331
190,-0.31966823339462275
191,-0.30359330773353577
191,0.2050962448120117
191,0.22192004323005676
193,-0.15590101480484012
193,-0.2872113883495331
193,-0.3199988305568695
194,-0.30359336733818054
194,0.22184923291206363
194,0.10699275135993958
196,-0.15590110421180725
196,-0.22158128023147583
196,-0.3032636940479278
197,-0.3200036883354187
197,0.22150483727455142
197,0.12338369339704514
199,-0.10667070746421814
199,-0.17235149443149567
199,-0.30358824133872986
200,-0.32000404596328735
200,0.22149613499641418
200,0.23826551437377927
202,-0.15590129792690277
202,-0.27082109451293945
202,-0.2869146466255188
203,-0.32000389695167536
203,0.22184780240058896
203,0.1562225967645645
205,-0.15590111911296844
205,-0.2708012759685517
205,-0.28690570592880255
206,-0.3200036883354187
206,0.22150689363479617
206,0.2382796406745911
208,-0.1394907534122467
208,-0.2708008587360382
208,-0.25402805209159857
209,-0.32000356912612915
209,0.23791614174842834
209,0.23827952146530154
211,-0.15590101480484012
211,-0.2708008885383606
211,-0.3035886287689209
212,-0.32000356912612915
212,0.2215069234371185
212,0.2383316159248352
214,-0.15590098500251767
214,-0.27081152796745295
214,-0.30335804820060736
215,-0.32000356912612915
215,0.2215069830417633
215,0.23828169703483582
217,-0.18872147798538205
217,-0.2708016633987427
217,-0.3196670413017273
218,-0.32000353932380676
218,0.2707376778125763
218,0.23828223347663882
220,-0.2543625235557556
220,-0.27080067992210394
220,-0.31971725821495056
221,-0.32000353932380676
221,0.22150617837905884
221,0.23828399181365967
223,-0.2543624937534332
223,-0.2704663276672364
223,-0.31971532106399536
224,-0.32000350952148443
224,0.2214973568916321
224,0.23828807473182678
226,-0.15590085089206693
226,-0.27080032229423523
226,-0.31999897956848145
227,-0.3200034201145172
227,0.23790678381919864
227,0.23823836445808408
229,-0.15590085089206693
229,-0.2872105240821838
229,-0.3033495843410492
230,-0.3200034201145172
230,0.22149646282196045
230,0.2545828223228454
232,-0.20513188838958737
232,-0.2708022594451905
232,-0.3034122586250305
233,-0.32000371813774114
233,0.1886734664440155
233,0.2710116505622864
235,-0.2215426862239838
235,-0.2379836738109589
235,-0.3032935857772827
236,-0.3200042247772217
236,0.27073341608047485
236,0.1723097711801529
238,-0.17231224477291107
238,-0.23798364400863647
238,-0.31972095370292664
239,-0.32000455260276794
239,0.28714388608932495
239,0.18898755311965942
241,-0.22154319286346436
241,-0.22159165143966675
241,-0.30347958207130427
242,-0.2871842086315155
242,0.287144273519516
242,0.2382321059703827
244,-0.1723121553659439
244,-0.22157374024391177
244,-0.31971654295921326
245,-0.32000452280044556
245,0.1726047247648239
245,0.20542477071285248
247,-0.13949045538902283
247,-0.2707993984222412
247,-0.3196537494659424
248,-0.3200032711029053
248,0.17227943241596222
248,0.25435939431190496
250,-0.15590019524097445
250,-0.2704913914203644
250,-0.31962743401527405
251,-0.32000276446342474
251,0.15586897730827332
251,0.13986115157604218
253,-0.15590016543865204
253,-0.2872081995010376
253,-0.31962600350379944
254,-0.32000273466110235
254,0.22150960564613342
254,0.23832118511199954
256,-0.20513096451759338
256,-0.28721877932548523
256,-0.286806970834732
257,-0.28718224167823786
257,0.20509906113147736
257,0.23831877112388608
259,-0.22154125571250916
259,-0.28720870614051813
259,-0.28680944442749023
260,-0.2871822714805603
260,0.20508846640586853
260,0.22190630435943604
262,-0.17231054604053497
262,-0.2872088253498078
262,-0.2868595719337464
263,-0.2871823310852051
263,0.20509859919548032
263,0.22190290689468384
265,-0.2215413749217987
265,-0.28720903396606445
265,-0.28686320781707764
266,-0.28718239068984985
266,0.20508819818496704
266,0.22153908014297488
268,-0.20513120293617249
268,-0.2868945300579071
268,-0.3032277226448059
269,-0.3200029730796814
269,0.31997010111808777
269,0.2218977212905884
271,-0.1723107248544693
271,-0.2872195541858673
271,-0.28682020306587225
272,-0.32000303268432617
272,0.2050981521606445
272,0.23830595612525937
274,-0.1723107546567917
274,-0.28721976280212397
274,-0.3196427524089813
275,-0.32000306248664856
275,0.2543287575244904
275,0.22175157070159912
277,-0.13949029147624972
277,-0.2872198820114136
277,-0.31999930739402777
278,-0.3035928606987
278,0.31996968388557434
278,0.2218424081802368
280,-0.17231084406375885
280,-0.23797896504402163
280,-0.3035889565944672
281,-0.3200031518936157
281,0.3199694752693176
281,0.2218886613845825
283,-0.2215416729450226
283,-0.3200406432151794
283,-0.286829262971878
284,-0.2871827185153962
284,0.3199692964553833
284,0.22188529372215268
286,-0.1887212097644806
286,-0.2868842482566833
286,-0.28688228130340576
287,-0.3200032711029053
287,0.2050962299108505
287,0.18906083703041077
289,-0.15590079128742218
289,-0.28721046447753906
289,-0.3035888373851776
290,-0.2871828079223633
290,0.25432687997817993
290,0.18905875086784363
292,-0.15590082108974457
292,-0.28721061348915106
292,-0.30324894189834595
293,-0.3200033903121948
293,0.20508703589439392
293,0.22182777523994446
295,-0.15590088069438937
295,-0.221238374710083
295,-0.3032502830028534
296,-0.28718289732933044
296,0.22149717807769773
296,0.22187700867652896
298,-0.12308035045862198
298,-0.23797997832298282
298,-0.25402048230171204
299,-0.3035931587219238
299,0.20543012022972104
299,0.22187519073486325
301,-0.13949067890644073
301,-0.20515960454940796
301,-0.2539720535278321
302,-0.3035932183265686
302,0.22150704264640808
302,0.22187435626983643
304,-0.15590091049671173
304,-0.28721091151237493
304,-0.3032538592815399
305,-0.320003479719162
305,0.22150695323944092
305,0.22187352180480957
307,-0.15590094029903412
307,-0.17234905064105988
307,-0.28717836737632746
308,-0.3035932779312133
308,0.22184202075004578
308,0.2382829785346985
310,-0.15590098500251767
310,-0.28687596321105957
310,-0.2868452370166779
311,-0.32000350952148443
311,0.22150695323944092
311,0.20546160638332367
313,-0.2543625235557556
313,-0.28721192479133606
313,-0.3196666240692139
314,-0.32000353932380676
314,0.22150593996047976
314,0.2382812201976776
316,-0.13949070870876312
316,-0.2872111201286316
316,-0.3199988007545472
317,-0.32000353932380676
317,0.22149690985679626
317,0.23822957277297974
319,-0.15590099990367892
319,-0.2872110605239868
319,-0.28689873218536377
320,-0.32000356912612915
320,0.22184428572654724
320,0.23827949166297913
322,-0.15590101480484012
322,-0.2872211337089538
322,-0.2869495451450348
323,-0.3200035989284515
323,0.22150674462318423
323,0.23827868700027466
325,-0.10667026042938232
325,-0.17233951389789579
325,-0.2868494987487793
326,-0.3200035989284515
326,0.22150674462318423
326,0.238178163766861
328,-0.1066702902317047
328,-0.2708010077476501
328,-0.270539790391922
329,-0.3200035989284515
329,0.22149693965911865
329,0.20545959472656247
331,-0.10667023062705995
331,-0.1723393350839615
331,-0.28684812784194946
332,-0.3200035989284515
332,0.22150632739067078
332,0.23828589916229248
334,-0.13949061930179596
334,-0.2051594257354736
334,-0.2540217638015747
335,-0.32000344991683966
335,0.22150719165802002
335,0.1233634427189827
337,-0.17231117188930511
337,-0.28721070289611816
337,-0.3035886585712433
338,-0.320003479719162
338,0.22150719165802002
338,0.23833495378494263
340,-0.15590091049671173
340,-0.2872108221054077
340,-0.3199988603591919
341,-0.320003479719162
341,0.22148740291595462
341,0.2380726933479309
343,-0.2543624937534332
343,-0.32003140449523926
343,-0.3196646571159362
344,-0.32000350952148443
344,0.22150701284408572
344,0.20541203022003177
346,-0.2543624937534332
346,-0.27046582102775574
346,-0.3196655213832856
347,-0.32000350952148443
347,0.2214970886707306
347,0.2382825016975403
349,-0.10667017847299576
349,-0.27080079913139343
349,-0.25402525067329407
350,-0.32000353932380676
350,0.17260925471782682
350,0.15623463690280914
352,-0.10667014122009276
352,-0.32003113627433777
352,-0.30320239067077637
353,-0.32000344991683966
353,0.2707380950450898
353,0.23828792572021482
355,-0.25436240434646606
355,-0.2872106432914734
355,-0.28684028983116155
356,-0.28718289732933044
356,0.17227663099765778
356,0.12341641634702684
358,-0.057439312338829034
358,-0.3200311958789825
358,-0.28683999180793757
359,-0.3200034201145172
359,0.22150737047195435
359,0.20546816289424896
361,-0.1559008359909058
361,-0.2543901205062866
361,-0.20478823781013492
362,-0.287182867527008
362,0.2214973568916321
362,0.2379496693611145
364,-0.05743928253650665
364,-0.32003113627433777
364,-0.3196595013141632
365,-0.25436240434646606
365,0.2546422481536865
365,0.2383606433868408
367,-0.13949008285999298
367,-0.3036192059516907
367,-0.2540905177593231
368,-0.30359265208244324
368,0.2871527671813965
368,0.2711716890335083
370,-0.04102781414985656
370,-0.2051551342010498
370,-0.3035898804664612
371,-0.22154065966606143
371,0.2874002456665039
371,0.18916532397270203
373,-0.07384759932756424
373,-0.15592153370380402
373,-0.23750120401382446
374,-0.28718093037605286
374,0.23792588710784912
374,0.22200796008110046
376,-0.09025750309228897
376,-0.20517364144325256
376,-0.28674918413162237
377,-0.32000109553337097
377,0.25432386994361883
377,0.2215372920036316
379,-0.09025765210390091
379,-0.2543940842151642
379,-0.31953942775726324
380,-0.32000127434730524
380,0.25433349609375
380,0.2220173180103302
382,-0.09025803953409195
382,-0.31976690888404846
382,-0.3196468651294708
383,-0.32000163197517395
383,0.23819375038146973
383,0.2547326385974884
385,-0.09025833755731583
385,-0.20515504479408264
385,-0.2543593645095826
386,-0.30359166860580444
386,0.18869006633758545
386,0.25471433997154236
388,-0.0902586355805397
388,-0.20515584945678708
388,-0.32000008225440985
389,-0.3035919666290284
389,0.2543303668498993
389,0.2711564004421234
391,-0.07384861260652542
391,-0.20515665411949158
391,-0.2539718747138977
392,-0.3035922050476074
392,0.25432959198951727
392,0.18909355998039246
394,-0.13948990404605868
394,-0.3036189377307892
394,-0.3032141923904419
395,-0.3035924434661865
395,0.25432896614074707
395,0.09062046557664871
397,-0.07384908944368362
397,-0.3200298845767975
397,-0.3032257556915284
398,-0.320002943277359
398,0.2543286979198456
398,0.13948784768581393
400,-0.12307994812726976
400,-0.3200300633907318
400,-0.3032309114933014
401,-0.32000303268432617
401,0.2707276940345764
401,0.09059698134660722
403,-0.12308030575513838
403,-0.3200422525405884
403,-0.28717854619026184
404,-0.3200033903121948
404,0.22185072302818298
404,0.10703921318054199
406,-0.10667043924331665
406,-0.32003358006477356
406,-0.3199986517429351
407,-0.3200037777423859
407,0.18868255615234375
407,0.1725474447011948
409,-0.09026072174310686
409,-0.31967106461524963
409,-0.28688573837280273
410,-0.32000428438186646
410,0.25432312488555914
410,0.23816749453544617
412,-0.2543636560440064
412,-0.27080488204956055
412,-0.31972548365592957
413,-0.3200046718120575
413,0.30393645167350763
413,0.09057731181383132
415,-0.30359455943107605
415,-0.3200443685054779
415,-0.31973573565483093
416,-0.32000482082366943
416,0.22150304913520813
416,0.10687026381492613
418,-0.057440802454948425
418,-0.3200441896915435
418,-0.31979620456695557
419,-0.32000491023063654
419,0.27073466777801514
419,0.25461870431900024
421,-0.057440802454948425
421,-0.3200351893901825
421,-0.3197402358055115
422,-0.28718438744544983
422,0.22150331735610962
422,0.15622083842754364
424,-0.18872272968292236
424,-0.3200436234474182
424,-0.2871772348880768
425,-0.320004791021347
425,0.22149482369422913
425,0.15617142617702484
427,-0.2543636560440064
427,-0.32003524899482727
427,-0.28690561652183527
428,-0.3200046718120575
428,0.12304269522428513
428,0.10695305466651915
430,-0.15590186417102814
430,-0.3036240339279175
430,-0.2704828083515168
431,-0.3200044333934784
431,0.1722740978002548
431,0.10690993070602417
433,-0.23795294761657718
433,-0.3200336992740631
433,-0.3032926023006439
434,-0.3200042247772217
434,0.2707264721393585
434,0.15620160102844238
436,-0.10667076706886292
436,-0.3200332224369049
436,-0.31969597935676575
437,-0.32000410556793213
437,0.17227484285831451
437,0.1562075465917587
439,-0.3035937249660492
439,-0.3200328946113586
439,-0.2868693768978119
440,-0.32000398635864263
440,0.17227418720722198
440,0.2054416835308075
442,-0.10667058825492859
442,-0.32003268599510193
442,-0.3196342289447784
443,-0.27077314257621765
443,0.2215052843093872
443,0.10666805505752562
445,-0.10667046904563904
445,-0.30327653884887695
445,-0.2703981697559357
446,-0.32000380754470825
446,0.22150614857673645
446,0.15621750056743622
448,-0.10667043924331665
448,-0.3200332224369049
448,-0.3032696843147278
449,-0.23795250058174133
449,0.2707371711730957
449,0.15622060000896454
451,-0.10667038708925247
451,-0.28686484694480896
451,-0.25413763523101807
452,-0.3035934865474701
452,0.22184923291206363
452,0.1562235802412033
454,-0.05743956193327904
454,-0.32003283500671387
454,-0.2540329396724701
455,-0.30359342694282526
455,0.27073726058006287
455,0.1562225967645645
457,-0.15590111911296844
457,-0.32003208994865423
457,-0.3196748495101928
458,-0.3200036883354187
458,0.22150567173957825
458,0.10704467445611954
460,-0.27077287435531616
460,-0.2704609334468841
460,-0.2704935669898987
461,-0.32000365853309626
461,0.17225582897663116
461,0.1561279594898224
463,-0.15590099990367892
463,-0.3032841384410858
463,-0.2704890072345734
464,-0.32000356912612915
464,0.17227496206760404
464,0.10704615712165833
466,-0.1066702902317047
466,-0.3036215901374817
466,-0.2704406678676605
467,-0.32000365853309626
467,0.1890423595905304
467,0.22184336185455325
469,-0.09026048332452775
469,-0.30363360047340393
469,-0.27046439051628113
470,-0.3200040757656097
470,0.13943347334861755
470,0.2710030972957611
472,-0.28718388080596924
472,-0.3036336302757263
472,-0.2704809308052063
473,-0.32000440359115606
473,0.15623828768730164
473,0.09053067862987518
475,-0.2215431034564972
475,-0.3200348913669586
475,-0.3197257518768311
476,-0.2871841490268707
476,0.2054738700389862
476,0.13975654542446136
478,-0.2707739770412445
478,-0.25439435243606573
478,-0.31999775767326355
479,-0.2871842086315155
479,0.12304159253835678
479,0.0905243828892708
481,-0.2543637454509735
481,-0.3200347125530243
481,-0.2869114875793457
482,-0.320004791021347
482,0.2711105346679687
482,0.20540159940719602
484,-0.2051328718662262
484,-0.18875327706336978
484,-0.2869060337543488
485,-0.2707738876342774
485,0.270724892616272
485,0.2543611228466034
487,-0.25436362624168396
487,-0.30362439155578613
487,-0.3197252750396729
488,-0.32000464200973505
488,0.20509356260299685
488,0.10694196820259094
490,-0.2051328718662262
490,-0.23799309134483335
490,-0.3033142685890198
491,-0.32000464200973505
491,0.18867370486259458
491,0.22175127267837524
493,-0.2707739770412445
493,-0.27080383896827703
493,-0.23767977952957153
494,-0.3200047612190247
494,0.1886826753616333
494,0.1397577077150345
496,-0.2379534542560577
496,-0.30364274978637695
496,-0.2869647145271301
497,-0.3200047314167023
497,0.20509298145771027
497,0.22179988026618958
499,-0.2215433418750763
499,-0.2543941140174866
499,-0.2869181036949157
500,-0.3200048804283142
500,0.3035553991794586
500,0.23819831013679504
502,-0.27077433466911316
502,-0.2872317433357238
502,-0.31986406445503235
503,-0.32000511884689326
503,0.22150439023971558
503,0.18896210193634033
505,-0.1887231469154358
505,-0.23798334598541263
505,-0.3198143541812896
506,-0.2871846854686737
506,0.27073466777801514
506,0.25460198521614075
508,-0.05744116008281707
508,-0.254410833120346
508,-0.3199223279953003
509,-0.2871847152709961
509,0.3199652731418609
509,0.10691884160041809
511,-0.25436404347419744
511,-0.30362454056739807
511,-0.2705169916152954
512,-0.32000505924224854
512,0.2711169123649597
512,0.15616004168987274
514,-0.23795360326766968
514,-0.18875232338905337
514,-0.3199976086616516
515,-0.2707740962505341
515,0.3199649751186371
515,0.2543611824512481
517,-0.2543636560440064
517,-0.2872146368026734
517,-0.2540850341320038
518,-0.30359441041946417
518,0.3199658691883087
518,0.10689732432365416
520,-0.1887223720550537
520,-0.270804226398468
520,-0.3033590912818909
521,-0.23795315623283383
521,0.2707255482673645
521,0.20537185668945315
523,-0.057440146803855896
523,-0.1883908063173294
523,-0.319702684879303
524,-0.25436320900917053
524,0.2054499387741089
524,0.15615014731884003
526,-0.05743994936347008
526,-0.09028954058885574
526,-0.13923446834087375
527,-0.20513226091861728
527,0.2214957773685455
527,0.2054462134838104
529,-0.20513203740119937
529,-0.07353007048368453
529,-0.1391692012548447
530,-0.25436282157897955
530,0.30356070399284363
530,0.22189843654632568
532,0.00820210389792919
532,-0.20484176278114322
532,-0.27040910720825195
533,-0.3200030028820038
533,0.22180163860321045
533,0.10705929994583131
535,-0.22154083847999573
535,-0.12281348556280136
535,-0.3031969964504242
536,-0.32000234723091125
536,0.20510277152061462
536,0.23836979269981387
538,-0.07384801656007767
538,-0.17233343422412872
538,-0.13906599581241608
539,-0.2215403318405151
539,0.3035650849342346
539,0.12307619303464888
541,-0.09025798738002777
541,-0.04106155037879944
541,-0.13904850184917453
542,-0.17230932414531708
542,0.2215147316455841
542,0.15631358325481415
544,-0.057437196373939514
544,-0.10669061541557312
544,-0.17185105383396151
545,-0.188719242811203
545,0.27074551582336426
545,0.2055501937866211
547,-0.05743710696697235
547,-0.12310080975294113
547,-0.27030724287033076
548,-0.3200012147426605
548,0.2543131709098816
548,0.1891433596611023
550,-0.0246165320277214
550,-0.23797258734703067
550,-0.3031246364116669
551,-0.20512937009334564
551,0.30356621742248535
551,0.2220454216003418
553,-0.04102675989270211
553,-0.172331377863884
553,-0.2374802827835083
554,-0.2707703113555909
554,0.2871437966823578
554,0.23794755339622498
556,-0.041026908904314034
556,-0.18850469589233398
556,-0.2867201268672943
557,-0.28718072175979614
557,0.28715428709983826
557,0.2051272839307785
559,-0.09025783836841582
559,-0.2051531970500946
559,-0.20467975735664368
560,-0.25436040759086614
560,0.2871533632278443
560,0.17274092137813568
562,-0.04102732613682747
562,-0.13951317965984344
562,-0.2047801315784454
563,-0.2543606758117676
563,0.287152498960495
563,0.22195675969123843
565,-0.041027564555406563
565,-0.20488411188125613
565,-0.22112023830413818
566,-0.28718143701553345
566,0.3038479089736938
566,0.22193825244903562
568,-0.041027892380952835
568,-0.20487016439437863
568,-0.2539592683315277
569,-0.3035919666290284
569,0.30355057120323176
569,0.23833814263343805
571,-0.07384858280420303
571,-0.18876713514328003
571,-0.15559978783130649
572,-0.27077165246009827
572,0.30356067419052124
572,0.23832789063453674
574,-0.024618007242679596
574,-0.20517787337303162
574,-0.15561158955097198
575,-0.30359235405921936
575,0.3035600483417511
575,0.18908715248107913
577,-0.024618200957775112
577,-0.23797833919525146
577,-0.17230726778507233
578,-0.2707720398902893
578,0.30355945229530334
578,0.18871861696243286
580,-0.02461840957403183
580,-0.17234806716442108
580,-0.23758974671363828
581,-0.2871825098991394
581,0.2707371413707733
581,0.20541003346443176
583,-0.057439472526311874
583,-0.17200316488742828
583,-0.23761621117591858
584,-0.28718301653861994
584,0.2707358896732331
584,0.1069919168949127
586,-0.05743958055973053
586,-0.17234005033969876
586,-0.23757231235504148
587,-0.25436267256736755
587,0.2707367539405823
587,0.20541194081306458
589,-0.10667017102241516
589,-0.1723393052816391
589,-0.20474338531494143
590,-0.2543624937534332
590,0.22185438871383667
590,0.2052338719367981
592,-0.05743969976902008
592,-0.1395196169614792
592,-0.23762744665145874
593,-0.25436276197433466
593,0.23791483044624323
593,0.17261056602001193
595,-0.13949128985404968
595,-0.13952083885669708
595,-0.12277414649724959
596,-0.254363089799881
596,0.20546448230743405
596,0.18900001049041745
598,0.0574314147233963
598,-0.04107930138707161
598,-0.20500290393829343
599,-0.17231221497058868
599,0.30355483293533325
599,0.23821517825126648
601,0.024610601365566254
601,0.02457990497350693
601,-0.057169422507286065
602,-0.1230817064642906
602,0.17227227985858914
602,0.3039091527462005
604,0.12307202070951463
604,0.07419382780790329
604,0.0
605,-0.057440772652626045
605,0.0738019123673439
605,0.0
607,0.18871325254440308
607,0.12304159253835678
607,0.09058399498462677
608,-0.008209822699427605
608,0.15586455166339874
608,0.09057328850030899
610,-0.17231152951717377
610,0.15586511790752414
610,0.09047014266252518
611,0.09025256335735321
611,0.20539468526840213
611,0.18910810351371762
613,-0.07384855300188065
613,0.1558598428964615
613,0.12342124432325365
614,0.02461298555135727
614,0.30377069115638733
614,0.2384430468082428
616,0.1230762228369713
616,0.15586483478546145
616,0.04152004793286323
617,-0.02461608499288559
617,0.31997683644294733
617,0.3042030334472656
619,0.20512878894805908
619,0.13945133984088898
619,0.0579909048974514
620,-0.008204607293009758
620,0.3199831545352936
620,0.3043234348297119
622,0.17230872809886932
622,0.12306816130876543
622,0.041759509593248374
623,0.12307795137166977
623,0.31988939642906195
623,0.30443778634071356
625,0.20512884855270383
625,0.28706949949264526
625,0.15674550831317902
626,0.09025706350803375
626,0.31980222463607794
626,0.3209680616855621
628,0.28718605637550354
628,0.23775410652160645
628,0.17327763140201569
629,0.05744244158267975
629,0.3035750091075897
629,0.2882922887802124
631,0.2543697357177735
631,0.25434443354606634
631,0.189825177192688
632,0.1230875626206398
632,0.3035723865032196
632,0.3035869598388672
634,0.2871928811073304
634,0.23793175816535952
634,0.15716974437236786
635,0.09026951342821123
635,0.3035801649093628
635,0.3214575052261352
637,0.32001098990440363
637,0.22152921557426453
637,0.1901786923408508
638,0.09026724845170975
638,0.30359253287315363
638,0.3213872015476227
640,0.25435653328895574
640,0.13948972523212433
640,0.07523272186517715
641,0.0
641,0.30360215902328497
641,0.3208662271499634
643,0.18869610130786899
643,0.057448353618383415
643,-0.007361126132309436
644,-0.024637125432491302
644,0.32001242041587824
644,0.30360138416290283
646,0.1230480894446373
646,0.024627886712551117
646,-0.04101400449872016
647,-0.04105447605252266
647,0.3200017213821411
647,0.28688105940818787
649,0.09023413807153703
649,0.04150517657399177
649,-0.09055708348751068
650,-0.15591964125633243
650,0.3199901580810547
650,0.30338695645332336
652,0.05742006003856658
652,0.0
652,-0.09034793078899384
653,-0.188733845949173
653,0.30358508229255676
653,0.287060409784317
655,0.04101293161511421
655,-0.12264656275510787
655,-0.09037495404481888
656,-0.20514087378978732
656,0.3035772144794464
656,0.2869559228420257
658,0.041014570742845535
658,-0.07385224848985672
658,-0.07390000671148299
659,-0.2707802653312683
659,0.30357471108436584
659,0.31991350650787354
661,0.04101576283574104
661,-0.057444289326667786
661,-0.09025046974420547
662,-0.15590731799602509
662,0.28716972470283514
662,0.3200050890445709
664,0.05742784962058067
664,-0.09027469903230667
664,-0.05736730992794037
665,-0.09026447683572768
665,0.30356356501579285
665,0.2708998620510101
667,0.05743052065372467
667,0.0
667,-0.10647497326135635
668,-0.15590278804302216
668,0.27073451876640314
668,0.2710241973400116
670,-0.05743803083896636
670,-0.10668158531188966
670,-0.1227280870079994
671,-0.20513035356998444
671,0.2543472647666931
671,0.27125516533851624
673,-0.07384604960680008
673,-0.13933882117271426
673,-0.1554471850395203
674,-0.22153836488723752
674,0.23793214559555056
674,0.20573386549949643
676,-0.10666525363922119
676,-0.12308695167303085
676,-0.2215426862239838
677,-0.2871781289577484
677,0.2543473541736602
677,0.20579662919044495
679,-0.05743412673473358
679,-0.1723172813653946
679,-0.23725813627243042
680,-0.30358797311782837
680,0.27075448632240295
680,0.20582792162895205
682,-0.10666492581367493
682,-0.17231766879558563
682,-0.2371930181980133
683,-0.30358800292015076
683,0.3199885785579681
683,0.22153377532958987
685,-0.09025470167398453
685,-0.1394972652196884
685,-0.17156203091144562
686,-0.23794713616371155
686,0.23793819546699524
686,0.23873752355575562
688,-0.04102395847439766
688,-0.09026703983545303
688,-0.17150501906871796
689,-0.23794698715209958
689,0.3199876546859741
689,0.2388211786746979
691,-0.07384227961301804
691,-0.12308835238218306
691,-0.18784546852111816
692,-0.2543551027774811
692,0.23793557286262512
692,0.1732528656721115
694,-0.09025055915117264
694,-0.18873026967048645
694,-0.20513778924942017
695,-0.2707633674144745
695,0.25434541702270513
695,0.28818178176879883
697,-0.10665979981422423
697,-0.155910924077034
697,-0.22053441405296326
698,-0.2871726453304291
698,0.2215224802494049
698,0.2554033696651459
700,-0.09024886041879654
700,-0.13950309157371524
700,-0.20407333970069882
701,-0.27076163887977606
701,0.23768174648284912
701,0.22263255715370175
703,-0.10665863752365111
703,-0.1561626344919205
703,-0.2204342484474182
704,-0.28717151284217834
704,0.2543403208255768
704,0.20627328753471375
706,-0.09024830162525178
706,-0.18903183937072754
706,-0.20398154854774475
707,-0.2707611620426178
707,0.20510941743850708
707,0.12432821840047836
709,-0.12306927889585495
709,-0.17232634127140045
709,-0.23668965697288513
710,-0.3035821318626404
710,0.18870031833648682
710,0.13948483765125275
712,-0.15589098632335663
712,-0.22195956110954282
712,-0.2858752906322479
713,-0.3199937343597412
713,0.17229096591472626
713,0.1736862808465958
715,-0.15589307248592377
715,-0.18916440010070798
715,-0.25302770733833313
716,-0.3199957013130188
716,0.17229203879833224
716,0.10806656628847122
718,-0.2543561160564423
718,-0.23796451091766357
718,-0.30226045846939087
719,-0.31999710202217096
719,0.1230625733733177
719,0.12451342493295668
721,-0.1394859403371811
721,-0.22155296802520755
721,-0.31999832391738886
722,-0.31999874114990234
722,0.1389540135860443
722,0.07526991516351701
724,-0.17230789363384247
724,-0.20514163374900815
724,-0.3185795545578003
725,-0.32000017166137695
725,0.09024462848901749
725,0.09170655161142349
727,-0.2215380370616913
727,-0.2543711662292481
727,-0.31854328513145447
728,-0.3199997544288636
728,0.12194069474935532
728,0.15572981536388397
730,-0.3035909533500671
730,-0.2707796394824981
730,-0.31999462842941284
731,-0.32000109553337097
731,0.09024087339639664
731,0.12304831296205519
733,-0.22155073285102844
733,-0.2874236702919006
733,-0.3184842765331268
734,-0.32000264525413513
734,0.07386059314012527
734,0.13950438797473907
736,-0.18871885538101194
736,-0.27212095260620117
736,-0.3198060393333435
737,-0.32001119852066046
737,0.07545756548643114
737,0.056112661957740784
739,-0.1723286658525467
739,-0.25590017437934875
739,-0.3204483389854431
740,-0.32003462314605713
740,0.12316667288541792
740,0.1410043686628342
742,-0.23791146278381348
742,-0.27102407813072205
742,-0.32004836201667786
743,-0.3200134932994842
743,0.09024880081415176
743,0.09171608835458755
745,-0.2707475423812866
745,-0.28559738397598267
745,-0.3214365839958191
746,-0.3199615478515625
746,0.12306775897741318
746,0.19022774696350092
748,-0.12307363003492355
748,-0.20513562858104706
748,-0.2692561447620392
749,-0.30358743667602534
749,0.2543503940105439
749,0.13949067890644073
751,-0.1394851952791214
751,-0.172318235039711
751,-0.28570613265037537
752,-0.31999814510345453
752,0.1722959727048874
752,0.17372460663318634
754,-0.15589521825313568
754,-0.1887299716472626
754,-0.25294697284698486
755,-0.31999778747558594
755,0.22152644395828247
755,0.15731234848499298
757,-0.05743412673473358
757,-0.15642336010932922
757,-0.22012534737586975
758,-0.2871777713298797
758,0.20511654019355777
758,0.2543627321720124
760,-0.10666593909263611
760,-0.13949927687644956
760,-0.2543551623821259
761,-0.3199992179870605
761,0.23793706297874448
761,0.20660325884819028
763,-0.024615325033664703
763,-0.0743965581059456
763,-0.18728694319725037
764,-0.2543589174747467
764,0.3199890851974487
764,0.23945382237434387
766,-0.05743701756000518
766,-0.10667794942855834
766,-0.17086251080036163
767,-0.28718054294586187
767,0.2379394769668579
767,0.2558799982070923
769,-0.05743913352489471
769,-0.18872758746147156
769,-0.10519498586654662
770,-0.28718265891075134
770,0.13948771357536316
770,0.19002889096736908
772,-0.2379600703716278
772,-0.2051278352737427
772,-0.3188803195953369
773,-0.3200112581253051
773,0.09026287496089937
773,0.09121490269899367
775,-0.22155639529228208
775,-0.22153228521347046
775,-0.3191962242126465
776,-0.30360761284828186
776,0.12279360741376877
776,0.09127844125032426
778,-0.1559170633554459
778,-0.22153162956237796
778,-0.28630125522613525
779,-0.3200196325778961
779,0.13949441909790036
779,0.05813275277614593
781,-0.2707903683185577
781,-0.2707621157169342
781,-0.3191717863082886
782,-0.32002112269401545
782,0.10667330026626588
782,0.09088996797800064
784,-0.2051464915275574
784,-0.3199934959411621
784,-0.3192269802093506
785,-0.3200182914733887
785,0.15590235590934753
785,0.10771468281745909
787,-0.1395018547773361
787,-0.2707643210887909
787,-0.31998929381370544
788,-0.3200147151947022
788,0.12264975160360338
788,0.10779386758804321
790,-0.12308948487043381
790,-0.15589402616024015
790,-0.26964372396469116
791,-0.32001256942749023
791,0.13949124515056607
791,0.15698812901973724
793,-0.12309042364358902
793,-0.18871420621871948
793,-0.31907144188880926
794,-0.3200134634971618
794,0.17231206595897672
794,0.2060382962226868
796,-0.09027016907930376
796,-0.1230725571513176
796,-0.22046673297882077
797,-0.2543729543685913
797,0.22154328227043155
797,0.22258532047271729
799,-0.07386065274477005
799,-0.22153362631797793
799,-0.23690223693847656
800,-0.2871941030025482
800,0.25436320900917053
800,0.27151617407798767
802,-0.05745016038417817
802,-0.1394826173782349
802,-0.20406803488731382
803,-0.20514246821403503
803,0.30359447002410894
803,0.27182120084762573
805,-0.057450369000434875
805,-0.09025169909000398
805,-0.08920464664697647
806,-0.27078375220298767
806,0.2707747220993042
806,0.2880324721336365
808,-0.04104136303067207
808,-0.09062517434358597
808,-0.20427685976028442
809,-0.20514391362667084
809,0.23795706033706665
809,0.2713138163089752
811,-0.09028477221727371
811,-0.18883326649665833
811,-0.18846487998962402
812,-0.18874630331993103
812,0.18872492015361786
812,0.15590672194957733
814,-0.13951365649700162
814,-0.27062875032424927
814,-0.30359148979187006
815,-0.32002648711204534
815,0.1069445013999939
815,0.12288761883974077
817,-0.13951145112514493
817,-0.205129399895668
817,-0.320170372724533
818,-0.32002428174018854
818,0.0902484729886055
818,0.1230863407254219
820,-0.1723305135965347
820,-0.2379534840583801
820,-0.32019171118736267
821,-0.3200228214263916
821,0.024610422551631927
821,0.0736565962433815
823,-0.18874040246009827
823,-0.18872292339801786
823,-0.32032477855682373
824,-0.320022463798523
824,0.12307219952344894
824,0.0735524371266365
826,-0.32002294063568115
826,-0.25436368584632874
826,-0.32029309868812555
827,-0.3200228810310364
827,0.12307443469762802
827,0.09004683792591095
829,-0.2379726767539978
829,-0.28718483448028564
829,-0.3037981688976288
830,-0.32002395391464233
830,0.17231090366840363
830,0.1394966095685959
832,-0.17233316600322723
832,-0.23794549703598022
832,-0.30359008908271784
833,-0.3200254738330841
833,0.1394877880811691
833,0.139373242855072
835,-0.18874266743659973
835,-0.2543583810329437
835,-0.32011365890502935
836,-0.32002472877502447
836,0.12307395786046983
836,0.10645437985658644
838,-0.20515200495719912
838,-0.25436487793922424
838,-0.32021039724349976
839,-0.27079305052757263
839,0.1558929681777954
839,0.08998305350542068
841,-0.22156164050102234
841,-0.221196711063385
841,-0.3201911449432373
842,-0.28720259666442877
842,0.12307246774435043
842,0.13921813666820526
844,-0.17233090102672577
844,-0.23760578036308286
844,-0.32027217745780945
845,-0.2872026264667511
845,0.12306944280862808
845,0.1064007580280304
847,-0.18874117732048035
847,-0.23795950412750247
847,-0.32026454806327825
848,-0.30361297726631165
848,0.10666194558143616
848,0.05744531378149986
850,-0.20515105128288266
850,-0.25399965047836304
850,-0.3038884997367859
851,-0.3200228214263916
851,0.07383812218904497
851,0.10667619109153748
853,-0.20515087246894836
853,-0.2707740366458893
853,-0.320309579372406
854,-0.32002267241477966
854,0.07384137064218521
854,0.10636293888092042
856,-0.20515093207359314
856,-0.20513299107551577
856,-0.3203037083148957
857,-0.3200227320194244
857,0.09025190025568008
857,0.10667622089385986
859,-0.15592055022716522
859,-0.22154298424720764
859,-0.3035801947116852
860,-0.32002311944961553
860,0.17230497300624847
860,0.17210666835308075
862,-0.15592132508754733
862,-0.15590964257717133
862,-0.3202219009399414
863,-0.32002389430999756
863,0.12307672947645186
863,0.1557644158601761
865,-0.15592198073863983
865,-0.2707694172859192
865,-0.2871699333190918
866,-0.3200245499610901
866,0.17230968177318576
866,0.1394157111644745
868,-0.13951228559017181
868,-0.22153922915458676
868,-0.3199904859066009
869,-0.2872045934200287
869,0.15589812397956845
869,0.17219589650630954
871,-0.17233245074748993
871,-0.23794803023338318
871,-0.3201117217540741
872,-0.32002475857734686
872,0.1230703219771385
872,0.15590693056583405
874,-0.18874153494834897
874,-0.2543626427650452
874,-0.3201931118965149
875,-0.32002359628677374
875,0.15588907897472382
875,0.12308638542890549
877,-0.22156056761741638
877,-0.2707743048667908
877,-0.32035043835639954
878,-0.320022165775299
878,0.1070529520511627
878,0.12272902578115463
880,-0.1559195965528488
880,-0.28718456625938416
880,-0.2875092029571533
881,-0.320022165775299
881,0.13948209583759308
881,0.12273015826940538
883,-0.22156062722206118
883,-0.28718456625938416
883,-0.2875092029571533
884,-0.320022165775299
884,0.12307196110486983
884,0.13929986953735352
886,-0.22156092524528503
886,-0.23795366287231443
886,-0.3199905157089234
887,-0.30361220240592957
887,0.10666194558143616
887,0.13919241726398465
889,-0.1887408494949341
889,-0.2375945150852203
889,-0.30388301610946655
890,-0.30361264944076544
890,0.1398189812898636
890,0.1556457281112671
892,-0.1887413561344147
892,-0.2543632388114929
892,-0.2874313890933991
893,-0.3200233578681946
893,0.10666418075561522
893,0.07365117222070693
895,-0.12310086935758592
895,-0.18872042000293732
895,-0.25455427169799805
896,-0.32002395391464233
896,0.17257337272167209
896,0.17215655744075775
898,-0.12310149520635606
898,-0.2871823608875275
898,-0.32015031576156616
899,-0.3200245797634125
899,0.12307732552289963
899,0.10654860734939575
901,-0.1231016144156456
901,-0.13948677480220795
901,-0.20511865615844727
902,-0.3200246989727021
902,0.20512866973876953
902,0.1393703818321228
904,-0.13951186835765836
904,-0.2707687616348266
904,-0.20511865615844727
905,-0.2707939147949219
905,0.20512288808822632
905,0.15570281445980075
907,-0.15592138469219208
907,-0.27077165246009827
907,-0.22174733877182007
908,-0.28720343112945557
908,0.155893012881279
908,0.13921837508678436
910,-0.09027958661317825
910,-0.15590186417102814
910,-0.2382170557975769
911,-0.30361294746398926
911,0.15627285838127136
911,0.18840309977531436
913,-0.17233021557331085
913,-0.28718435764312744
913,-0.2874975800514221
914,-0.3200225234031678
914,0.15588930249214172
914,0.17231710255146027
916,-0.12309945374727249
916,-0.25436389446258545
916,-0.25468042492866516
917,-0.3200225234031678
917,0.15589238703250885
917,0.13914714753627777
919,-0.1395094096660614
919,-0.25396773219108587
919,-0.2711120545864105
920,-0.32002219557762146
920,0.15588881075382235
920,0.15557169914245605
922,-0.15591931343078613
922,-0.28718811273574824
922,-0.2875499725341797
923,-0.3200218677520752
923,0.13948191702365875
923,0.13916109502315524
925,-0.1066884994506836
925,-0.17231296002864838
925,-0.2382747232913971
926,-0.3200218975543975
926,0.15630440413951874
926,0.1391625851392746
928,-0.17232944071292874
928,-0.17231635749340055
928,-0.30395868420600886
929,-0.30361148715019226
929,0.15589217841625214
929,0.15557686984539032
931,-0.12309826165437698
931,-0.20513346791267392
931,-0.25467941164970404
932,-0.3200213313102722
932,0.20512299239635468
932,0.10634973645210268
934,-0.13950820267200473
934,-0.2707779407501221
934,-0.27108561992645264
935,-0.32002103328704834
935,0.1558922380208969
935,0.12276189774274826
937,-0.23796960711479187
937,-0.2871882021427154
937,-0.32031449675560003
938,-0.3200208842754364
938,0.15589222311973572
938,0.17199133336544034
940,-0.23796972632408142
940,-0.2871847152709961
940,-0.303906112909317
941,-0.32002100348472595
941,0.1394820660352707
941,0.12276696413755417
943,-0.13950765132904053
943,-0.18872305750846863
943,-0.30389955639839167
944,-0.320020467042923
944,0.1723027378320694
944,0.13918550312519073
946,-0.1395070105791092
946,-0.20513316988945005
946,-0.2710707187652588
947,-0.32001984119415283
947,0.1722990721464157
947,0.10637575387954712
949,-0.15591651201248172
949,-0.22155094146728518
949,-0.28770712018013
950,-0.3200191259384155
950,0.14000685513019562
950,0.10637474060058594
952,-0.17232684791088101
952,-0.23795351386070251
952,-0.3038820028305053
953,-0.28719866275787354
953,0.13948245346546173
953,0.089839406311512
955,-0.18873688578605652
955,-0.25436371564865107
955,-0.3038789629936218
956,-0.32001894712448126
956,0.1722991019487381
956,0.15560273826122284
958,-0.15591682493686676
958,-0.2543675899505615
958,-0.3204239308834076
959,-0.32001939415931707
959,0.15589253604412076
959,0.15560050308704376
961,-0.22155797481536865
961,-0.20513682067394254
961,-0.31999096274375916
962,-0.3200195133686065
962,0.15589269995689395
962,0.08996567875146864
964,-0.23796778917312625
964,-0.2379534840583801
964,-0.28747013211250305
965,-0.32001903653144836
965,0.22153371572494507
965,0.12308578938245773
967,-0.1723264306783676
967,-0.1723162680864334
967,-0.28746470808982844
968,-0.3200187087059021
968,0.13948245346546173
968,0.1227930560708046
970,-0.18873649835586548
970,-0.3036023676395416
970,-0.3205249011516571
971,-0.32001855969429016
971,0.12307237833738327
971,0.1065211594104767
973,-0.237966388463974
973,-0.32000449299812317
973,-0.3199912905693054
974,-0.32001763582229614
974,0.139482706785202
974,0.10639560222625734
976,-0.17232532799243927
976,-0.22154292464256287
976,-0.2874504923820496
977,-0.2871971130371093
977,0.15644176304340363
977,0.10639479756355287
979,-0.15591512620449063
979,-0.23795318603515625
979,-0.3037353456020355
980,-0.30360743403434753
980,0.1722991615533829
980,0.1884298324584961
982,-0.0902753546833992
982,-0.1723124235868454
982,-0.22182723879814148
983,-0.3036086857318878
983,0.22153353691101077
983,0.20469990372657776
985,-0.10668629407882689
985,-0.17231260240077972
985,-0.25465720891952515
986,-0.3200196325778961
986,0.18871283531188965
986,0.18841111660003662
988,-0.12309727817773818
988,-0.20465886592864987
988,-0.2546660304069519
989,-0.30361002683639526
989,0.17280881106853485
989,0.17201043665409088
991,-0.1559169739484787
991,-0.1723125725984573
991,-0.27106645703315735
992,-0.3200195431709289
992,0.17230306565761566
992,0.13949584960937497
994,-0.18873533606529236
994,-0.23795732855796814
994,-0.2875696420669555
995,-0.3200174868106842
995,0.1236012801527977
995,0.1392373591661453
997,-0.13950441777706146
997,-0.20460376143455505
997,-0.27089819312095637
998,-0.3200171887874603
998,0.17230404913425446
998,0.09001577645540237
1000,-0.15591417253017426
1000,-0.22154209017753598
1000,-0.2875362038612366
1001,-0.3200167417526245
1001,0.1394837200641632
1001,0.15566669404506683
1003,-0.07386241108179092
1003,-0.10667014122009276
1003,-0.22188284993171695
1004,-0.2871957421302796
1004,0.23794060945510864
1004,0.1884939074516296
1006,-0.12309300154447556
1006,-0.2702640891075135
1006,-0.25458306074142456
1007,-0.3200160264968872
1007,0.2056350409984589
1007,0.15555737912654877
1009,-0.1559135764837265
1009,-0.15590085089206693
1009,-0.23828881978988645
1010,-0.3200161159038543
1010,0.18871450424194336
1010,0.17208047211170197
1012,-0.10668280720710754
1012,-0.15590088069438937
1012,-0.25447043776512146
1013,-0.28719562292098993
1013,0.15589399635791779
1013,0.18849030137062076
1015,-0.15591360628604892
1015,-0.2051316499710083
1015,-0.30403590202331543
1016,-0.3200161457061767
1016,0.1394837498664856
1016,0.15567080676555634
1018,-0.18873406946659088
1018,-0.2215418815612793
1018,-0.31999197602272034
1019,-0.3200161159038543
1019,0.18921646475791934
1019,0.1553991585969925
1021,-0.1723230630159378
1021,-0.2871926724910736
1021,-0.2711818218231201
1022,-0.32001531124114996
1022,0.15589441359043124
1022,0.09017647057771681
1024,-0.3036046624183655
1024,-0.3035978972911835
1024,-0.320190042257309
1025,-0.32001492381095886
1025,0.13948413729667664
1025,0.15560115873813626
1027,-0.1887328028678894
1027,-0.23746538162231445
1027,-0.320188194513321
1028,-0.32001483440399164
1028,0.10666379332542421
1028,0.10638651251792909
1030,-0.22155272960662842
1030,-0.32000288367271423
1030,-0.32037848234176636
1031,-0.3200142681598663
1031,0.0902535989880562
1031,0.07367528229951859
1033,-0.254373162984848
1033,-0.32000288367271423
1033,-0.3200637102127076
1034,-0.3200141191482544
1034,0.09073538333177567
1034,0.07366380840539934
1036,-0.23796331882476807
1036,-0.27077227830886846
1036,-0.3202894330024719
1037,-0.32001465559005743
1037,0.12307339161634444
1037,0.024389870464801785
1039,-0.3200161159038543
1039,-0.25384947657585144
1039,-0.32033851742744446
1040,-0.32001608610153204
1040,-0.008209435269236565
1040,0.04075779393315315
1042,-0.2543764710426331
1042,-0.23740747570991516
1042,-0.3203904330730438
1043,-0.32001742720603943
1043,0.09024760872125627
1043,0.10635799169540407
1045,-0.2707898020744324
1045,-0.3195374608039856
1045,-0.31915372610092163
1046,-0.32002055644989014
1046,0.09025193005800247
1046,0.13923202455043796
1048,-0.30361300706863403
1048,-0.3200044333934784
1048,-0.32025647163391113
1049,-0.3200233280658722
1049,0.12327533215284348
1049,0.024611853063106533
1051,-0.25438466668128973
1051,-0.30358827114105225
1051,-0.3199905157089234
1052,-0.3200257420539856
1052,0.04109387472271919
1052,0.04119031503796577
1054,-0.23797565698623657
1054,-0.2543503940105439
1054,-0.3199905753135681
1055,-0.3200269341468811
1055,0.07385496050119401
1055,0.0740785077214241
1057,-0.254386305809021
1057,-0.30358093976974493
1057,-0.3199905753135681
1058,-0.32002732157707214
1058,0.07375719398260117
1058,0.12358369678258896
1060,-0.27079769968986506
1060,-0.3199912905693054
1060,-0.31959208846092224
1061,-0.2872079610824585
1061,0.07385433465242386
1061,0.09092474728822708
1063,-0.3200263977050781
1063,-0.3199918270111084
1063,-0.28716900944709783
1064,-0.32002636790275574
1064,0.09026361256837846
1064,-0.007368204649537801
1066,-0.2871997356414795
1066,-0.28745412826538086
1066,-0.31929630041122437
1067,-0.3200204372406006
1067,0.13949279487133026
1067,0.1404956728219986
1069,-0.28719502687454224
1069,-0.3199944198131561
1069,-0.2697587311267853
1070,-0.3200155794620514
1070,0.13949304819107056
1070,0.17345736920833588
1072,-0.22155448794364926
1072,-0.2379429042339325
1072,-0.30259326100349426
1073,-0.3200160264968872
1073,0.20513018965721133
1073,0.22273752093315122
1075,-0.1230885162949562
1075,-0.15589554607868192
1075,-0.22051542997360227
1076,-0.2379603385925293
1076,0.23795029520988464
1076,0.2051385939121247
1078,-0.10667809844017029
1078,-0.13948561251163483
1078,-0.2051178514957428
1079,-0.2707805931568145
1079,0.2703235745429992
1079,0.22252601385116574
1081,-0.04103773832321167
1081,-0.024612806737422943
1081,-0.0894361585378647
1082,-0.22155058383941653
1082,0.2707739472389221
1082,0.321050763130188
1084,-0.04104020074009895
1084,-0.12307219952344894
1084,-0.20391537249088285
1085,-0.20514275133609772
1085,0.28718602657318115
1085,0.3209206461906433
1087,-0.024633489549160007
1087,-0.04101908206939697
1087,-0.15588675439357758
1088,-0.15591533482074738
1088,0.31980139017105097
1088,0.30427876114845276
1090,0.0
1090,-0.04101772978901864
1090,-0.17229743301868436
1091,-0.23797452449798584
1091,0.2543674409389496
1091,0.2711411416530609
1093,-0.04105352237820625
1093,-0.07386798411607744
1093,-0.2048393189907074
1094,-0.30361759662628174
1094,0.28718641400337214
1094,0.2872623801231384
1096,-0.008231518790125847
1096,-0.12306993454694748
1096,-0.237957239151001
1097,-0.3200263977050781
1097,0.23794791102409363
1097,0.22139587998390195
1099,-0.07387051731348038
1099,-0.13948796689510345
1099,-0.17229820787906647
1100,-0.254383385181427
1100,0.22194853425025943
1100,0.2540319859981537
1102,-0.09027803689241409
1102,-0.23795753717422488
1102,-0.23793944716453555
1103,-0.2872011065483093
1103,0.18871238827705383
1103,0.20483341813087463
1105,-0.12309604138135911
1105,-0.17231293022632602
1105,-0.23837068676948547
1106,-0.2543781101703644
1106,0.20511472225189212
1106,0.18822257220745084
1108,-0.07386318594217299
1108,-0.2051328420639038
1108,-0.22152990102767944
1109,-0.28719654679298395
1109,0.18923871219158173
1109,0.2541120052337646
1111,-0.07386315613985062
1111,-0.10667067766189575
1111,-0.22153010964393616
1112,-0.30360674858093256
1112,0.22153502702713015
1112,0.1556728631258011
1114,-0.09027243405580522
1114,-0.13949061930179596
1114,-0.25458332896232605
1115,-0.270785242319107
1115,0.23794591426849365
1115,0.15572158992290497
1117,-0.09027070552110672
1117,-0.09025929123163223
1117,-0.238124281167984
1118,-0.28719377517700195
1118,0.18871504068374637
1118,0.20500278472900388
1120,-0.0410381443798542
1120,-0.20513728260993958
1120,-0.18884247541427612
1121,-0.2543714940547943
1121,0.18871206045150757
1121,0.2215612828731537
1123,-0.09026752412319183
1123,-0.17231385409832004
1123,-0.13946403563022614
1124,-0.23795983195304873
1124,0.23793372511863708
1124,0.23785880208015442
1126,-0.1394969969987869
1126,-0.17232297360897064
1126,-0.23795580863952634
1127,-0.2543688118457794
1127,0.17229647934436798
1127,0.15594623982906342
1129,-0.15590597689151767
1129,-0.1723269373178482
1129,-0.2378992736339569
1130,-0.28718802332878113
1130,0.12347107380628587
1130,0.1395140886306763
1132,-0.10667422413825989
1132,-0.17191843688488004
1132,-0.2541908323764801
1133,-0.3200075328350067
1133,0.15587063133716583
1133,0.13962753117084503
1135,-0.12308358401060104
1135,-0.17232678830623627
1135,-0.25415208935737604
1136,-0.2871861457824707
1136,0.10663641244173051
1136,0.12308245152235031
1138,-0.15590336918830874
1138,-0.3036117553710937
1138,-0.27076566219329834
1139,-0.3200059235095978
1139,0.13945478200912476
1139,0.07405505329370497
1141,-0.13949255645275116
1141,-0.20515215396881104
1141,-0.3033808171749115
1142,-0.3200053870677948
1142,0.1066419780254364
1142,0.12336742132902147
1144,-0.13949212431907654
1144,-0.2707943022251129
1144,-0.25412577390670776
1145,-0.30359467864036555
1145,0.13946165144443512
1145,0.12333091348409653
1147,-0.18872250616550448
1147,-0.2707951068878174
1147,-0.28717720508575434
1148,-0.32000458240509033
1148,0.12305118888616562
1148,0.12307890504598619
1150,-0.23795297741889956
1150,-0.2707951962947845
1150,-0.31999802589416504
1151,-0.32000428438186646
1151,0.12305135279893875
1151,0.12336043268442154
1153,-0.2543630301952362
1153,-0.27079498767852783
1153,-0.31976947188377386
1154,-0.3200040161609649
1154,0.12336853891611099
1154,0.12337029725313188
1156,-0.20513203740119937
1156,-0.27079474925994873
1156,-0.27047583460807795
1157,-0.32000383734703064
1157,0.10664340853691101
1157,0.09063888341188431
1159,-0.27077227830886846
1159,-0.3033238351345062
1159,-0.3197146952152252
1160,-0.32000306248664856
1160,0.0902130976319313
1160,0.07413176447153091
1162,-0.18872016668319705
1162,-0.2543919086456299
1162,-0.3196240067481995
1163,-0.3200022280216217
1163,0.13946650922298434
1163,0.025059394538402557
1165,-0.205130010843277
1165,-0.27079024910926824
1165,-0.3196416497230529
1166,-0.32000181078910833
1166,0.09023647010326385
1166,0.10709080100059509
1168,-0.23795014619827273
1168,-0.3036102056503296
1168,-0.3196170330047608
1169,-0.3200014233589173
1169,0.07405100017786027
1169,0.09056390076875688
1171,-0.2871808409690857
1171,-0.30362191796302795
1171,-0.3195709586143493
1172,-0.32000139355659485
1172,0.07405445724725723
1172,0.09067452698945999
1174,-0.28718101978302
1174,-0.3036224544048309
1174,-0.3200006186962127
1175,-0.3200015723705291
1175,-0.00822746567428112
1175,0.024930663406848907
1177,-0.28718131780624384
1177,-0.3033687770366668
1177,-0.31959807872772217
1178,-0.32000181078910833
1178,0.07381211966276167
1178,-0.02431445568799973
1180,-0.2871814966201782
1180,-0.3036125004291534
1180,-0.319610595703125
1181,-0.32000201940536505
1181,0.07380083948373795
1181,0.09054140001535416
1183,-0.27077150344848633
1183,-0.31975981593132025
1183,-0.31962457299232483
1184,-0.3200022578239441
1184,0.07382217794656754
1184,-0.0078411977738142
1186,-0.27077171206474304
1186,-0.30361348390579224
1186,-0.31999960541725153
1187,-0.2871819734573364
1187,0.024590156972408295
1187,0.04102637246251107
1189,-0.25436204671859747
1189,-0.2872253060340881
1189,-0.31976068019866943
1190,-0.2871825397014618
1190,0.02458897978067398
1190,0.008206484839320185
1192,-0.2543625831604004
1192,-0.27079537510871887
1192,-0.3196931779384613
1193,-0.3200036287307739
1193,0.04132138565182686
1193,-0.02437793463468552
1195,-0.23795264959335327
1195,-0.2543855607509613
1195,-0.31971022486686707
1196,-0.3200039267539978
1196,0.05740849673748016
1196,0.04129563644528389
1198,-0.22154277563095093
1198,-0.3032827973365783
1198,-0.31973016262054443
1199,-0.30359402298927307
1199,0.07380983978509903
1199,0.07403171807527542
1201,-0.20513300597667694
1201,-0.23797547817230225
1201,-0.30334776639938354
1202,-0.30359452962875366
1202,0.10662364959716797
1202,0.12308002263307571
1204,-0.1887235939502716
1204,-0.2868327498435974
1204,-0.2542808651924134
1205,-0.3035953640937805
1205,0.12305227667093277
1205,0.09044615179300308
1207,-0.1394929587841034
1207,-0.22118854522705078
1207,-0.28698983788490295
1208,-0.32000574469566345
1208,0.1394626647233963
1208,0.09045202285051344
1210,-0.22154411673545835
1210,-0.2544008791446685
1210,-0.3034545779228211
1211,-0.3200056850910187
1211,0.15624460577964783
1211,0.10680034756660461
1213,-0.13949285447597504
1213,-0.20477819442749026
1213,-0.30339524149894714
1214,-0.3200056552886963
1214,0.1066412925720215
1214,0.17231033742427826
1216,-0.17231266200542453
1216,-0.23797425627708438
1216,-0.3198257386684417
1217,-0.32000496983528137
1217,0.12304212898015975
1217,0.13966964185237882
1219,-0.2379526793956757
1219,-0.2543843686580658
1219,-0.31971341371536255
1220,-0.32000395655632013
1220,0.12305306643247604
1220,0.12329135090112686
1222,-0.22154194116592404
1222,-0.2704850137233734
1222,-0.30337485671043396
1223,-0.320003479719162
1223,0.12304263561964034
1223,0.12335204333066942
1225,-0.25436222553253174
1225,-0.27079340815544123
1225,-0.30326503515243536
1226,-0.3200032413005829
1226,0.10664254426956177
1226,0.12340401858091353
1228,-0.2543621957302094
1228,-0.28720375895500183
1228,-0.3199990093708038
1229,-0.3200032114982605
1229,0.12305282801389694
1229,0.12340932339429857
1231,-0.2543621063232422
1231,-0.2705016136169433
1231,-0.31966754794120783
1232,-0.32000309228897095
1232,0.1722639948129654
1232,0.20536980032920837
1234,-0.28718173503875727
1234,-0.3200222551822663
1234,-0.31962576508522034
1235,-0.30359199643135065
1235,0.07382581382989883
1235,0.04143594577908516
1237,-0.30359140038490295
1237,-0.25439122319221497
1237,-0.31963196396827703
1238,-0.3200016617774964
1238,0.12304624170064926
1238,0.10711586475372314
1240,-0.27077025175094604
1240,-0.32001927495002747
1240,-0.3195505738258362
1241,-0.3200010359287262
1241,-0.0082251550629735
1241,-0.00780527014285326
1243,-0.23794990777969358
1243,-0.30362173914909363
1243,-0.28673940896987915
1244,-0.32000118494033813
1244,0.10663235187530516
1244,0.008548347279429436
1246,-0.25436103343963623
1246,-0.2872025668621063
1246,-0.32000008225440985
1247,-0.3200020492076874
1247,0.040969152003526695
1247,0.05768693983554841
1249,-0.2379516065120697
1249,-0.27050545811653137
1249,-0.3197930455207824
1250,-0.32000288367271423
1250,0.04099934175610542
1250,0.05775323137640954
1252,-0.23795214295387268
1252,-0.2215747833251953
1252,-0.3199988305568695
1253,-0.32000344991683966
1253,0.057409193366765976
1253,0.07414684444665909
1255,-0.17231141030788422
1255,-0.2215648293495178
1255,-0.3196995258331299
1256,-0.32000371813774114
1256,0.05740882456302643
1256,0.09054181724786758
1258,-0.17231167852878573
1258,-0.3200367093086243
1258,-0.3033044934272766
1259,-0.3200040161609649
1259,0.07381921261548996
1259,0.09053701907396317
1261,-0.15590152144432065
1261,-0.18875449895858765
1261,-0.31971949338912964
1262,-0.3200040757656097
1262,0.07381943613290787
1262,0.10694575309753418
1264,-0.1230810210108757
1264,-0.32003641128540034
1264,-0.2869003713130951
1265,-0.32000410556793213
1265,0.12305020540952682
1265,0.10694444179534911
1267,-0.25436311960220337
1267,-0.28720611333847046
1267,-0.31972223520278936
1268,-0.3200041353702545
1268,0.09022033959627153
1268,0.13948892056941986
1270,-0.2543630003929138
1270,-0.2872056365013122
1270,-0.27048438787460327
1271,-0.32000398635864263
1271,0.09023044258356094
1271,0.057725384831428535
1273,-0.23795264959335327
1273,-0.32002598047256464
1273,-0.3032478392124176
1274,-0.32000389695167536
1274,0.09023056179285048
1274,0.10685715824365614
1276,-0.25436282157897955
1276,-0.28720533847808843
1276,-0.2540653347969055
1277,-0.32000383734703064
1277,0.12305127829313278
1277,0.05768190324306489
1279,-0.15590117871761322
1279,-0.3200257122516632
1279,-0.2868816554546356
1280,-0.3200037479400635
1280,0.12304133921861649
1280,0.10696924477815627
1282,-0.2543626427650452
1282,-0.2872049808502197
1282,-0.27076780796051025
1283,-0.32000365853309626
1283,0.12305145710706711
1283,0.12343222647905351
1285,-0.2543626129627228
1285,-0.3036151826381683
1285,-0.31969580054283137
1286,-0.3200036287307739
1286,0.12305163592100142
1286,0.12338428944349289
1288,-0.23795232176780703
1288,-0.27048274874687195
1288,-0.2868720293045044
1289,-0.32000356912612915
1289,0.12335943430662155
1289,0.12343677133321762
1291,-0.2543625235557556
1291,-0.27048668265342707
1291,-0.25410065054893494
1292,-0.32000353932380676
1292,0.1722826808691025
1292,0.12339048832654953
1294,-0.15590089559555054
1294,-0.2872045338153839
1294,-0.2868658900260926
1295,-0.32000344991683966
1295,0.18869459629058838
1295,0.22153910994529724
1297,-0.1723105758428574
1297,-0.23798295855522156
1297,-0.27042528986930847
1298,-0.32000288367271423
1298,0.15587566792964935
1298,0.1887180507183075
1300,-0.18872013688087466
1300,-0.20488935708999637
1300,-0.31962141394615173
1301,-0.3200021982192993
1301,0.2545795142650605
1301,0.15621916949748993
1303,-0.15589915215969088
1303,-0.27081266045570374
1303,-0.28685757517814636
1304,-0.3200017213821411
1304,0.2215186953544617
1304,0.23837941884994507
1306,-0.07384748011827467
1306,-0.188738152384758
1306,-0.2539280951023102
1307,-0.2707705497741699
1307,0.3035472631454468
1307,0.22153723239898682
1309,-0.05743692815303802
1309,-0.09007544070482253
1309,-0.17189495265483856
1310,-0.18871894478797915
1310,0.3035718202590942
1310,0.27125495672225947
1312,0.024614877998828888
1312,-0.04104404523968697
1312,-0.15541134774684906
1313,-0.2215389609336853
1313,0.28715285658836365
1313,0.3205253183841706
1315,-0.024615101516246792
1315,-0.09029565006494522
1315,-0.15540410578250888
1316,-0.22153818607330322
1316,0.2871712446212768
1316,0.3042568266391754
1318,0.09025741368532181
1318,-0.057444259524345405
1318,-0.1224313899874687
1319,-0.18871694803237918
1319,0.27074500918388367
1319,0.30430179834365845
1321,0.07384707778692245
1321,-0.07385615259408951
1321,-0.1387152224779129
1322,-0.20512729883193967
1322,0.2379390895366669
1322,0.25435468554496765
1324,-0.024612955749034878
1324,-0.10667631775140762
1324,-0.1878327876329422
1325,-0.23794639110565186
1325,0.27075573801994324
1325,0.22252810001373288
1327,-0.057428345084190376
1327,-0.10667771100997925
1327,-0.17231617867946628
1328,-0.2871718406677246
1328,0.3197109997272492
1328,0.22264125943183902
1330,-0.09024599939584732
1330,-0.1559113711118698
1330,-0.2696717381477356
1331,-0.2871690392494201
1331,0.22118631005287173
1331,0.1899094581604004
1333,-0.155885249376297
1333,-0.1887347400188446
1333,-0.30239337682724
1334,-0.3199880123138427
1334,0.17229105532169342
1334,0.1243353560566902
1336,-0.18870545923709872
1336,-0.2215547263622284
1336,-0.318737268447876
1337,-0.3199877440929413
1337,0.17229168117046356
1337,0.10793659090995787
1339,-0.23793694376945496
1339,-0.28756779432296753
1339,-0.318723976612091
1340,-0.31998834013938904
1340,0.20471227169036865
1340,0.09160681068897249
1342,0.0
1342,-0.10668134689331056
1342,-0.18740557134151462
1343,-0.3199889659881592
1343,0.18870338797569278
1343,0.2064482569694519
1345,-0.09024573117494582
1345,-0.12309115380048752
1345,-0.2038033902645111
1346,-0.3035792112350464
1346,0.23793521523475647
1346,0.30498188734054565
1348,-0.15588720142841342
1348,-0.25437256693840027
1348,-0.3186514377593994
1349,-0.3199899196624756
1349,0.15588505566120145
1349,0.07525799423456192
1351,-0.22152864933013916
1351,-0.2871916890144348
1351,-0.3199988603591919
1352,-0.3199903070926666
1352,0.09024498611688614
1352,0.009662074036896229
1354,-0.27075976133346563
1354,-0.30360129475593567
1354,-0.31999802589416504
1355,-0.3199905157089234
1355,0.0902440622448921
1355,0.025995574891567234
1357,-0.27076056599617004
1357,-0.30360180139541626
1357,-0.31858682632446295
1358,-0.31999149918556213
1358,0.1394740641117096
1358,0.10801679641008377
1360,-0.18870922923088074
1360,-0.23796194791793823
1360,-0.31865057349205017
1361,-0.3199913203716278
1361,0.1722942441701889
1361,0.07511375099420547
1363,-0.0902477577328682
1363,-0.1723211258649826
1363,-0.2859118580818176
1364,-0.3199912309646607
1364,0.22152525186538696
1364,0.23794424533843997
1366,-0.10665804147720336
1366,-0.1398058384656906
1366,-0.20390646159648898
1367,-0.2707606554031372
1367,0.205115869641304
1367,0.2719448506832122
1369,-0.02460762113332748
1369,-0.12308926135301591
1369,-0.18754220008850098
1370,-0.2543512284755707
1370,0.2707575559616089
1370,0.2883453965187073
1372,-0.024607829749584198
1372,-0.07385786622762679
1372,-0.13831016421318054
1373,-0.20512065291404727
1373,0.2871665060520172
1373,0.28837114572525024
1375,0.0738542005419731
1375,0.02460243552923203
1375,-0.10547474026679993
1376,-0.1722996681928635
1376,0.3035763800144195
1376,0.28840091824531555
1378,0.10667547583580018
1378,0.05710311233997345
1378,-0.023368917405605313
1379,-0.09024763852357863
1379,0.3031893372535705
1379,0.3049381673336029
1381,0.1066758930683136
1381,0.08985594660043716
1381,0.07519606500864029
1382,0.008214307017624378
1382,0.31999120116233826
1382,0.3035938739776612
1384,0.15590487420558932
1384,0.07383740693330765
1384,-0.04102145507931709
1385,0.0
1385,0.3199978172779083
1385,0.32155925035476685
1387,0.13949127495288852
1387,0.05685757100582123
1387,-0.023061208426952362
1388,-0.024611167609691616
1388,0.303596317768097
1388,0.32138112187385554
1390,0.12307044118642808
1390,0.0
1390,-0.12206115573644638
1391,-0.1887240707874298
1391,0.3036033809185028
1391,0.3043917715549469
1393,0.07382471114397048
1393,0.024628691375255585
1393,-0.04025030136108398
1394,-0.13950864970684052
1394,0.28719264268875117
1394,0.30381453037261963
1396,0.040996748954057693
1396,-0.04101281240582466
1396,-0.17215986549854276
1397,-0.15592636168003082
1397,0.2871899604797363
1397,0.27078053355216974
1399,-0.008230803534388542
1399,-0.15588729083538053
1399,-0.13973258435726166
1400,-0.20515388250350952
1400,0.23794391751289365
1400,0.22116675972938538
1402,-0.09027509391307831
1402,-0.13948915898799896
1402,-0.172562375664711
1403,-0.2379674017429352
1403,0.22153681516647342
1403,0.1559055596590042
1405,-0.10668158531188966
1405,-0.17231060564517978
1405,-0.23794081807136536
1406,-0.3036047220230102
1406,0.17275016009807587
1406,0.1064426302909851
1408,-0.13950021564960477
1408,-0.22109499573707583
1408,-0.18894246220588687
1409,-0.2707822620868683
1409,0.1723034828901291
1409,0.106600821018219
1411,-0.15590877830982208
1411,-0.18872298300266266
1411,-0.30365622043609614
1412,-0.32001134753227234
1412,0.13948173820972443
1412,0.12303585559129715
1414,-0.13949790596961972
1414,-0.27077531814575195
1414,-0.2873871326446533
1415,-0.3200107216835022
1415,0.20511355996131897
1415,0.1722918301820755
1417,-0.17231784760951996
1417,-0.25436705350875854
1417,-0.3199308216571808
1418,-0.32001015543937683
1418,0.1230609342455864
1418,0.10667347908020018
1420,-0.1394967883825302
1420,-0.2051445245742798
1420,-0.27076250314712524
1421,-0.3200096189975738
1421,0.18909192085266113
1421,0.13949783146381378
1423,-0.188727468252182
1423,-0.2707788050174713
1423,-0.2871688902378082
1424,-0.3200095295906067
1424,0.1558874547481537
1424,0.0902823880314827
1426,-0.1723168045282364
1426,-0.2543691992759705
1426,-0.31997400522232056
1427,-0.3035988509654999
1427,0.12305211275815964
1427,0.1065397933125496
1429,-0.25436812639236445
1429,-0.28718978166580195
1429,-0.3199745416641235
1430,-0.3200091421604157
1430,0.09024599939584732
1430,0.15592648088932037
1432,-0.18872697651386258
1432,-0.23795923590660092
1432,-0.30358415842056274
1433,-0.3200090825557708
1433,0.09061238914728166
1433,0.07383186370134354
1435,-0.1887261867523193
1435,-0.270780473947525
1435,-0.319939523935318
1436,-0.320008248090744
1436,0.05742301046848297
1436,0.04111029580235481
1438,-0.20513588190078738
1438,-0.32001325488090515
1438,-0.31991517543792725
1439,-0.3200076818466187
1439,0.10663110017776488
1439,0.05736802518367767
1441,-0.20513615012168887
1441,-0.2707895934581756
1441,-0.31992626190185547
1442,-0.30359768867492676
1442,0.09024441987276079
1442,0.0738513246178627
1444,-0.2871876657009125
1444,-0.27078115940093994
1444,-0.3200107216835022
1445,-0.32000818848609924
1445,0.09023033082485199
1445,0.10667201876640321
1447,-0.2543676197528839
1447,-0.28719061613082886
1447,-0.3199543356895447
1448,-0.32000863552093506
1448,0.09024538099765779
1448,0.07388753443956375
1450,-0.18872667849063876
1450,-0.23795974254608154
1450,-0.2871381342411042
1451,-0.3200087249279022
1451,0.12306606024503708
1451,0.10662082582712173
1453,-0.15590639412403104
1453,-0.3036005198955536
1453,-0.3035576045513153
1454,-0.30359870195388794
1454,0.09023848921060562
1454,0.15592317283153537
1456,-0.18872708082199094
1456,-0.27077981829643244
1456,-0.28715401887893677
1457,-0.3200091421604157
1457,0.2051181197166443
1457,0.10667524486780167
1459,-0.1559070199728012
1459,-0.3035997748374939
1459,-0.2870890200138092
1460,-0.2707788050174713
1460,0.13947705924510956
1460,0.15591050684452057
1462,-0.10667613148689271
1462,-0.1723177582025528
1462,-0.23794296383857721
1463,-0.30359920859336853
1463,0.17228992283344272
1463,0.18866834044456482
1465,-0.15590648353099823
1465,-0.2051386833190918
1465,-0.30356112122535706
1466,-0.32000905275344854
1466,0.20511767268180847
1466,0.15592648088932037
1468,-0.15590646862983704
1468,-0.23795923590660092
1468,-0.23791965842247012
1469,-0.25436800718307495
1469,0.20510721206665042
1469,0.18881061673164368
1471,-0.1230844482779503
1471,-0.2871930003166199
1471,-0.2544044852256775
1472,-0.303597241640091
1472,0.12305816262960435
1472,0.10673907399177553
1474,-0.15590278804302216
1474,-0.22156709432601931
1474,-0.31980788707733154
1475,-0.32000535726547247
1475,0.10664752125740051
1475,0.15589922666549683
1477,-0.22154244780540466
1477,-0.25437918305397034
1477,-0.319685697555542
1478,-0.32000398635864263
1478,0.10664868354797362
1478,0.1398391276597977
1480,-0.18872109055519104
1480,-0.270788162946701
1480,-0.3196989893913269
1481,-0.3200031220912933
1481,0.10664817690849304
1481,0.05775131285190582
1483,-0.2543618083000183
1483,-0.27079907059669495
1483,-0.31968432664871216
1484,-0.32000282406806946
1484,0.10664752125740051
1484,0.05775642022490501
1486,-0.22154119610786438
1486,-0.2705051600933075
1486,-0.3032691180706024
1487,-0.32000273466110235
1487,0.1066470518708229
1487,0.057757630944252014
1489,-0.2543616890907288
1489,-0.2705053985118866
1489,-0.3197279572486877
1490,-0.3200027048587799
1490,0.10664674639701843
1490,0.0
1492,-0.18872064352035522
1492,-0.27078929543495184
1492,-0.3196779489517212
1493,-0.3200027048587799
1493,0.10662531852722168
1493,0.12330111116170883
1495,-0.2543616890907288
1495,-0.2707894146442413
1495,-0.3199995458126068
1496,-0.32000273466110235
1496,0.10664650797843932
1496,0.12330131977796555
1498,-0.25436165928840637
1498,-0.2708002030849457
1498,-0.31972670555114746
1499,-0.3200027048587799
1499,0.106635719537735
1499,0.05775929987430572
1501,-0.221541166305542
1501,-0.2705058157444
1501,-0.30331599712371826
1502,-0.3200026750564575
1502,0.12302523106336595
1502,0.12330278009176253
1504,-0.25436165928840637
1504,-0.27078953385353083
1504,-0.31962683796882635
1505,-0.3200027048587799
1505,0.10692954063415527
1505,0.057760193943977356
1507,-0.25436165928840637
1507,-0.2871997058391571
1507,-0.3196756839752197
1508,-0.3200026750564575
1508,0.12303536385297775
1508,0.12335222214460373
1510,-0.254361629486084
1510,-0.2871997654438019
1510,-0.3196752667427063
1511,-0.32000264525413513
1511,0.10664653778076172
1511,0.12340205162763596
1513,-0.1394898146390915
1513,-0.27078947424888605
1513,-0.25398465991020197
1514,-0.32000264525413513
1514,0.12304588407278061
1514,0.12340252846479417
1516,-0.22154110670089724
1516,-0.2869173586368561
1516,-0.30326414108276367
1517,-0.32000261545181274
1517,0.10664701461791991
1517,0.10666690021753311
1519,-0.2707715928554535
1519,-0.2871991991996765
1519,-0.3032507002353668
1520,-0.2871818542480469
1520,0.17227809131145477
1520,0.0738454684615135
1522,-0.18871954083442688
1522,-0.3197740316390991
1522,-0.319616973400116
1523,-0.3200015723705291
1523,0.13970039784908292
1523,0.05779878795146942
1525,-0.2051293849945068
1525,-0.27078762650489807
1525,-0.3196369409561158
1526,-0.32000118494033813
1526,0.12304683774709703
1526,0.13948588073253632
1528,-0.3200010359287262
1528,-0.28719818592071533
1528,-0.3196276128292084
1529,-0.3200010657310486
1529,0.0904473140835762
1529,0.1070200875401497
1531,-0.237949401140213
1531,-0.3036084473133087
1531,-0.30359145998954773
1532,-0.32000067830085754
1532,0.07380402833223343
1532,0.09060735255479814
1534,-0.2871802151203155
1534,-0.3036089241504669
1534,-0.3196079730987549
1535,-0.32000073790550226
1535,0.07382660359144211
1535,0.025031454861164096
1537,-0.28718051314353943
1537,-0.30360928177833557
1537,-0.3200014531612396
1538,-0.3200010657310486
1538,0.07406506687402724
1538,0.09065458923578262
1540,-0.2871808111667633
1540,-0.3036323487758637
1540,-0.31964549422264094
1541,-0.3035910725593567
1541,0.07382587343454361
1541,0.09063968807458878
1543,-0.27077081799507136
1543,-0.30360984802246094
1543,-0.2703861296176911
1544,-0.32000160217285156
1544,0.07380364090204239
1544,0.09058026969432831
1546,-0.17230953276157382
1546,-0.23796892166137695
1546,-0.3196304142475128
1547,-0.32000187039375305
1547,0.1066352128982544
1547,0.1070292294025421
1549,-0.2707712054252625
1549,-0.30363193154335016
1549,-0.3197299540042877
1550,-0.3200019598007202
1550,0.10664647817611694
1550,0.09061113744974136
1552,-0.27077132463455195
1552,-0.30363175272941584
1552,-0.3197389245033264
1553,-0.32000210881233215
1553,0.10664626955986023
1553,0.09025648981332779
1555,-0.27077150344848633
1555,-0.3036209344863891
1555,-0.32000002264976496
1556,-0.3200023174285888
1556,0.07381472736597061
1556,0.09054426103830339
1558,-0.27077165246009827
1558,-0.303620994091034
1558,-0.31971225142478943
1559,-0.3200024366378784
1559,0.07382560521364212
1559,0.10666704177856445
1561,-0.2543615400791168
1561,-0.25437936186790466
1561,-0.31976795196533203
1562,-0.32000258564949036
1562,0.10664612054824829
1562,0.10699135065078737
1564,-0.27077189087867737
1564,-0.32002052664756775
1564,-0.31967538595199585
1565,-0.30359241366386414
1565,0.09023595601320267
1565,0.04134856536984444
1567,-0.15590013563632965
1567,-0.3200204968452454
1567,-0.3196771144866943
1568,-0.3200027048587799
1568,0.10664615035057068
1568,0.10698756575584412
1570,-0.25436174869537354
1570,-0.2871999442577362
1570,-0.31967914104461675
1571,-0.2707719504833222
1571,0.09022516757249834
1571,0.10693646222352982
1573,-0.25436174869537354
1573,-0.2872106730937958
1573,-0.31973022222518915
1574,-0.32000279426574707
1574,0.09052283316850662
1574,0.04134412482380866
1576,-0.2379515171051025
1576,-0.2871999740600586
1576,-0.3199993669986725
1577,-0.32000279426574707
1577,0.09023583680391312
1577,0.10693296790122984
1579,-0.2543618083000183
1579,-0.2871999740600586
1579,-0.3196835219860077
1580,-0.32000282406806946
1580,0.09023580700159073
1580,0.057750727981328964
1582,-0.25436183810234075
1582,-0.28721070289611816
1582,-0.31973549723625183
1583,-0.32000285387039185
1583,0.12334851175546646
1583,0.1069304943084717
1585,-0.2543618679046631
1585,-0.28720009326934814
1585,-0.31963568925857544
1586,-0.32000288367271423
1586,0.09023577719926834
1586,0.05774928629398345
1588,-0.2543618679046631
1588,-0.28691026568412786
1588,-0.2705558240413666
1589,-0.32000288367271423
1589,0.12305628508329391
1589,0.05743654072284699
1591,-0.23795163631439206
1591,-0.28720006346702576
1591,-0.3032269477844239
1592,-0.3200029134750366
1592,0.12304561585187912
1592,0.12333781272172926
1594,-0.15590037405490878
1594,-0.27078986167907715
1594,-0.28717875480651855
1595,-0.320002943277359
1595,0.12305637449026109
1595,0.12338893860578537
1597,-0.1559003442525864
1597,-0.2707898020744324
1597,-0.2868674695491791
1598,-0.3200029134750366
1598,0.22151824831962585
1598,0.23794934153556824
1600,-0.10666945576667786
1600,-0.15591773390769956
1600,-0.27045145630836487
1601,-0.2707720100879669
1601,0.2050977349281311
1601,0.22186997532844546
1603,-0.07384864240884781
1603,-0.17232759296894076
1603,-0.25402742624282837
1604,-0.32000255584716797
1604,0.32026010751724243
1604,0.23827746510505676
1606,0.024612821638584137
1606,-0.07358599454164505
1606,-0.13915839791297915
1607,-0.15589998662471774
1607,0.30357077717781067
1607,0.32035592198371887
1609,0.0574338398873806
1609,0.0
1609,-0.00794233102351427
1610,-0.12307896465063095
1610,0.3199827671051025
1610,0.30401626229286194
1612,0.17230691015720367
1612,0.10686225444078445
1612,0.041452497243881226
1613,-0.024616189301013947
1613,0.2871677577495575
1613,0.2712955176830292
1615,0.15589840710163116
1615,0.13946121931076053
1615,0.04158334806561469
1616,-0.024614490568637848
1616,0.3035589456558228
1616,0.28790464997291565
1618,0.2215402722358704
1618,0.13947738707065582
1618,0.07384148985147476
1619,0.0
1619,0.31998798251152033
1619,0.32092010974884033
1621,0.22154328227043155
1621,0.17229484021663666
1621,0.04194783046841621
1622,-0.02461063116788864
1622,0.303571492433548
1622,0.2871708571910858
1624,0.1723148077726364
1624,0.15559951961040497
1624,0.025727979838848114
1625,-0.04101814702153206
1625,0.3035706579685211
1625,0.32126468420028687
1627,0.20513489842414856
1627,0.12305789440870285
1627,0.058673605322837837
1628,-0.008198481984436514
1628,0.31998658180236816
1628,0.28860032558441157
1630,0.18871775269508362
1630,0.15535950660705564
1630,0.04244539141654969
1631,-0.024615548551082615
1631,0.3199951648712158
1631,0.3049551248550415
1633,0.18870878219604492
1633,0.057430997490882874
1633,0.042384643107652664
1634,-0.024624519050121307
1634,0.32000616192817694
1634,0.32057997584342957
1636,0.17228962481021878
1636,-0.008198869414627552
1636,0.07468468695878983
1637,-0.07386406511068344
1637,0.30359840393066406
1637,0.3200096189975738
1639,0.09022793918848036
1639,0.024623878300189972
1639,-0.024267040193080902
1640,-0.12310538440942764
1640,0.3199983835220337
1640,0.3034232258796692
1642,0.07382192462682724
1642,0.04102414846420288
1642,-0.02479889243841171
1643,-0.1231011673808098
1643,0.30358421802520746
1643,0.28702720999717707
1645,0.04100756719708443
1645,-0.07385138422250746
1645,-0.1727112680673599
1646,-0.15591552853584287
1646,0.2871765494346619
1646,0.30330929160118103
1648,0.008190898224711418
1648,-0.07385990768671036
1648,-0.172300323843956
1649,-0.28719374537467957
1649,0.25478205084800726
1649,0.270615816116333
1651,0.00819411687552929
1651,-0.13949334621429443
1651,-0.20519225299358368
1652,-0.20513921976089478
1652,0.2711484432220459
1652,0.25426894426345825
1654,-0.057444259524345405
1654,-0.17231963574886322
1654,-0.2380385100841522
1655,-0.2543673515319824
1655,0.31998273730278015
1655,0.2216745316982269
1657,-0.1394938826560974
1657,-0.20514635741710663
1657,-0.2706325054168701
1658,-0.3200067281723023
1658,0.18869712948799133
1658,0.22171491384506228
1660,-0.09026236087083817
1660,-0.31964394450187683
1660,-0.2870026230812073
1661,-0.3200059533119202
1661,0.20510566234588626
1661,0.22166967391967773
1663,-0.09026209264993666
1663,-0.3196534216403961
1663,-0.31980770826339716
1664,-0.30359542369842535
1664,0.25432705879211426
1664,0.30378079414367676
1666,-0.13949291408061984
1666,-0.3196491599082947
1666,-0.28710791468620306
1667,-0.32000571489334106
1667,0.2871556282043457
1667,0.2709673047065735
1669,-0.15590302646160126
1669,-0.32002401351928705
1669,-0.31980186700820923
