0,-0.1064674854
0,-0.2713132203
0,-0.2876411974
1,-0.3198004067
1,0.1390648037
1,0.1389028132
2,-0.1392874271
2,-0.2713748813
2,-0.2877084315
3,-0.3197998106
3,0.1388009787
3,0.1554064006
4,-0.1392865032
4,-0.2387909293
4,-0.2384999096
5,-0.319798857
5,0.2042070627
5,0.1882763803
6,-0.1721061319
6,-0.2226228118
6,-0.321082294
7,-0.3197978437
7,0.2203710079
7,0.1883142292
8,-0.1556980163
8,-0.1900556237
8,-0.3039961159
9,-0.2705688775
9,0.2198736072
9,0.2047908604
10,-0.1392847747
10,-0.1903130114
10,-0.2874865532
11,-0.3033860326
11,0.2526473701
11,0.2197502255
12,-0.1064594388
12,-0.1742669493
12,-0.2874468267
13,-0.2705601752
13,0.2194396555
13,0.2212859392
14,-0.07363138348
14,-0.1746953875
14,-0.2873722613
15,-0.2869622409
15,0.2190495133
15,0.2213799059
16,-0.1556723267
16,-0.174994573
16,-0.2708098888
17,-0.3033614159
17,0.2187424302
17,0.2351580262
18,-0.1064281836
18,-0.1753375083
18,-0.2543687522
19,-0.2705265284
19,0.21838516
19,0.2380321026
20,-0.09000407159
20,-0.1593121737
20,-0.2543971539
21,-0.303332299
21,0.2508049011
21,0.2380412519
22,-0.1063970923
22,-0.2745142281
22,-0.2872896791
23,-0.3033136427
23,0.2175238729
23,0.2380851805
24,-0.1063698232
24,-0.1602315456
24,-0.2377768755
25,-0.2868742347
25,0.2006453276
25,0.2382339239
26,-0.1555621177
26,-0.2757309377
26,-0.2870151103
27,-0.3196537793
27,0.1671147496
27,0.237826854
28,-0.1062741578
28,-0.1777954847
28,-0.2544454336
29,-0.3195922971
29,0.2155186832
29,0.238070786
30,-0.1062273681
30,-0.179029569
30,-0.2543137968
31,-0.3031376302
31,0.2313536108
31,0.1235264614
32,-0.1061900631
32,-0.2788916826
32,-0.2856232524
33,-0.3031007349
33,0.2128175497
33,0.2407839894
34,-0.1061410308
34,-0.1661245376
34,-0.2872273624
35,-0.286650449
35,0.2267728448
35,0.2406788021
36,-0.1061371267
36,-0.2844510972
36,-0.267778784
37,-0.3030954897
37,0.2389569134
37,0.1554867029
38,-0.1068573967
38,-0.2908886075
38,-0.2913867831
39,-0.2713514566
39,0.2148900628
39,0.2450308055
40,-0.1079668403
40,-0.165970996
40,-0.3026472032
41,-0.3051299155
41,0.2202754915
41,0.2511568964
42,-0.09170339257
42,-0.1764457524
42,-0.2965979278
43,-0.321311146
43,0.17624484
43,0.2425040603
44,-0.1073934734
44,-0.2917599082
44,-0.2921594977
45,-0.2875333726
45,0.2262308002
45,0.1533592343
46,-0.1556213349
46,-0.199113965
46,-0.2880097926
47,-0.3033262193
47,0.2253444493
47,0.2492017597
48,-0.09001071006
48,-0.2846980989
48,-0.2897906303
49,-0.2705272138
49,0.1745280474
49,0.1545778662
50,-0.1556577235
50,-0.1705535501
50,-0.2709693909
51,-0.3033562303
51,0.223139137
51,0.2390778363
52,-0.1392909437
52,-0.1875472516
52,-0.2869786918
53,-0.3198075294
53,0.2226088941
53,0.2389416695
54,-0.1064955592
54,-0.2853353322
54,-0.2861692905
55,-0.3198333085
55,0.2222860754
55,0.2389586568
56,-0.07374388725
56,-0.171689406
56,-0.2857774198
57,-0.3199231029
57,0.2221067548
57,0.2390884459
58,-0.1558409631
58,-0.2866999507
58,-0.2861579061
59,-0.3035377562
59,0.2219974697
59,0.1569628268
60,-0.1066434085
60,-0.2704078853
60,-0.2861391902
61,-0.3035653234
61,0.2218776345
61,0.2390891016
62,-0.1558741182
62,-0.204141885
62,-0.2531691194
63,-0.3199772537
63,0.2382123768
63,0.2390936613
64,-0.1558758616
64,-0.2213711143
64,-0.2861154079
65,-0.3199789822
65,0.2217050195
65,0.2389867008
66,-0.1066465974
66,-0.1714918762
66,-0.2862260342
67,-0.3199803233
67,0.2222752571
67,0.2388390899
68,-0.155878529
68,-0.2870927453
68,-0.2863441706
69,-0.3199814856
69,0.2215878665
69,0.2387554049
70,-0.1558794528
70,-0.2871434987
70,-0.2863885164
71,-0.3199823499
71,0.2222213745
71,0.2385549545
72,-0.1066493988
72,-0.1722741276
72,-0.2865609825
73,-0.3199831843
73,0.2215683758
73,0.2385172546
74,-0.1558813602
74,-0.2871512771
74,-0.2865745127
75,-0.3199843764
75,0.2215648293
75,0.238540113
76,-0.155882284
76,-0.2215190232
76,-0.2866849601
77,-0.3199851215
77,0.2051025629
77,0.2384217381
78,-0.1558829844
78,-0.2872036695
78,-0.2867012024
79,-0.3199855685
79,0.2050871551
79,0.2384199202
80,-0.155883193
80,-0.2872833312
80,-0.2867473662
81,-0.3199860156
81,0.2050426304
81,0.2384094894
82,-0.1558839232
82,-0.287293911
82,-0.2866632044
83,-0.3199867606
83,0.2049755454
83,0.2219611406
84,-0.155884698
84,-0.2873746157
84,-0.2871702015
85,-0.3199873567
85,0.2057208121
85,0.2220612466
86,-0.1558854431
86,-0.2873404324
86,-0.3035813868
87,-0.2707574964
87,0.2049736083
87,0.2220184505
88,-0.1558861583
88,-0.287322998
88,-0.3035821319
89,-0.2707582414
89,0.2049901485
89,0.2215458453
90,-0.1558871418
90,-0.1560238451
90,-0.3030630946
91,-0.2707593143
91,0.2056921422
91,0.2218931913
92,-0.1558880955
92,-0.2866535485
92,-0.3031387925
93,-0.2707603872
93,0.2050187439
93,0.2218964994
94,-0.1230693981
94,-0.2872907221
94,-0.303109467
95,-0.2707622647
95,0.2050012946
95,0.2219621241
96,-0.1558922976
96,-0.2872928977
96,-0.2539970577
97,-0.3200004995
97,0.2050133348
97,0.221539259
98,-0.1558979601
98,-0.2867676616
98,-0.2704295814
99,-0.3200007081
99,0.2050016224
99,0.2218679786
100,-0.1558987349
100,-0.2872864008
100,-0.2540709376
101,-0.3200016022
101,0.3198960423
101,0.2216847837
102,-0.1558995396
102,-0.2873024046
102,-0.2704364061
103,-0.3200022578
103,0.2378565967
103,0.2215373814
104,-0.1230794117
104,-0.1888269782
104,-0.303275764
105,-0.3200030625
105,0.2378699183
105,0.2219016254
106,-0.1723110527
106,-0.2544316947
106,-0.3196440935
107,-0.3200035393
107,0.2050466537
107,0.2054395378
108,-0.1723114699
108,-0.3036473393
108,-0.319645226
109,-0.3200038075
109,0.1886620224
109,0.2055271417
110,-0.1723108143
110,-0.2212510407
110,-0.3197512627
111,-0.2871825993
111,0.2050826848
111,0.2054696828
112,-0.2215416729
112,-0.2872303724
112,-0.3196564615
113,-0.2871826887
113,0.205421105
113,0.2054206133
114,-0.2215417325
114,-0.2872161567
114,-0.319999218
115,-0.2871827483
115,0.2050819993
115,0.2054208815
116,-0.1723110229
116,-0.2215734124
116,-0.3196561337
117,-0.2871828079
117,0.2050935328
117,0.2218794823
118,-0.2215418518
118,-0.2872133553
118,-0.3199990392
119,-0.2871828973
119,0.2054288983
119,0.2218764424
120,-0.1723111421
120,-0.2872127891
120,-0.3199989796
121,-0.2871829271
121,0.2054309696
121,0.2218735218
122,-0.2051317096
122,-0.2215715349
122,-0.31999892
123,-0.2871829867
123,0.2050959468
123,0.1394883096
124,-0.1559009701
124,-0.3200428486
124,-0.3196673095
125,-0.3200035393
125,0.2050862461
125,0.2218702734
126,-0.1559009999
126,-0.2872113883
126,-0.3196682334
127,-0.3035933077
127,0.2050962448
127,0.2219200432
128,-0.1559010148
128,-0.2872113883
128,-0.3199988306
129,-0.3035933673
129,0.2218492329
129,0.1069927514
130,-0.1559011042
130,-0.2215812802
130,-0.303263694
131,-0.3200036883
131,0.2215048373
131,0.1233836934
132,-0.1066707075
132,-0.1723514944
132,-0.3035882413
133,-0.320004046
133,0.221496135
133,0.2382655144
134,-0.1559012979
134,-0.2708210945
134,-0.2869146466
135,-0.320003897
135,0.2218478024
135,0.1562225968
136,-0.1559011191
136,-0.270801276
136,-0.2869057059
137,-0.3200036883
137,0.2215068936
137,0.2382796407
138,-0.1394907534
138,-0.2708008587
138,-0.2540280521
139,-0.3200035691
139,0.2379161417
139,0.2382795215
140,-0.1559010148
140,-0.2708008885
140,-0.3035886288
141,-0.3200035691
141,0.2215069234
141,0.2383316159
142,-0.155900985
142,-0.270811528
142,-0.3033580482
143,-0.3200035691
143,0.221506983
143,0.238281697
144,-0.188721478
144,-0.2708016634
144,-0.3196670413
145,-0.3200035393
145,0.2707376778
145,0.2382822335
146,-0.2543625236
146,-0.2708006799
146,-0.3197172582
147,-0.3200035393
147,0.2215061784
147,0.2382839918
148,-0.2543624938
148,-0.2704663277
148,-0.3197153211
149,-0.3200035095
149,0.2214973569
149,0.2382880747
150,-0.1559008509
150,-0.2708003223
150,-0.3199989796
151,-0.3200034201
151,0.2379067838
151,0.2382383645
152,-0.1559008509
152,-0.2872105241
152,-0.3033495843
153,-0.3200034201
153,0.2214964628
153,0.2545828223
154,-0.2051318884
154,-0.2708022594
154,-0.3034122586
155,-0.3200037181
155,0.1886734664
155,0.2710116506
156,-0.2215426862
156,-0.2379836738
156,-0.3032935858
157,-0.3200042248
157,0.2707334161
157,0.1723097712
158,-0.1723122448
158,-0.237983644
158,-0.3197209537
159,-0.3200045526
159,0.2871438861
159,0.1889875531
160,-0.2215431929
160,-0.2215916514
160,-0.3034795821
161,-0.2871842086
161,0.2871442735
161,0.238232106
162,-0.1723121554
162,-0.2215737402
162,-0.319716543
163,-0.3200045228
163,0.1726047248
163,0.2054247707
164,-0.1394904554
164,-0.2707993984
164,-0.3196537495
165,-0.3200032711
165,0.1722794324
165,0.2543593943
166,-0.1559001952
166,-0.2704913914
166,-0.319627434
167,-0.3200027645
167,0.1558689773
167,0.1398611516
168,-0.1559001654
168,-0.2872081995
168,-0.3196260035
169,-0.3200027347
169,0.2215096056
169,0.2383211851
170,-0.2051309645
170,-0.2872187793
170,-0.2868069708
171,-0.2871822417
171,0.2050990611
171,0.2383187711
172,-0.2215412557
172,-0.2872087061
172,-0.2868094444
173,-0.2871822715
173,0.2050884664
173,0.2219063044
174,-0.172310546
174,-0.2872088253
174,-0.2868595719
175,-0.2871823311
175,0.2050985992
175,0.2219029069
176,-0.2215413749
176,-0.287209034
176,-0.2868632078
177,-0.2871823907
177,0.2050881982
177,0.2215390801
178,-0.2051312029
178,-0.2868945301
178,-0.3032277226
179,-0.3200029731
179,0.3199701011
179,0.2218977213
180,-0.1723107249
180,-0.2872195542
180,-0.2868202031
181,-0.3200030327
181,0.2050981522
181,0.2383059561
182,-0.1723107547
182,-0.2872197628
182,-0.3196427524
183,-0.3200030625
183,0.2543287575
183,0.2217515707
184,-0.1394902915
184,-0.287219882
184,-0.3199993074
185,-0.3035928607
185,0.3199696839
185,0.2218424082
186,-0.1723108441
186,-0.237978965
186,-0.3035889566
187,-0.3200031519
187,0.3199694753
187,0.2218886614
188,-0.2215416729
188,-0.3200406432
188,-0.286829263
189,-0.2871827185
189,0.3199692965
189,0.2218852937
190,-0.1887212098
190,-0.2868842483
190,-0.2868822813
191,-0.3200032711
191,0.2050962299
191,0.189060837
192,-0.1559007913
192,-0.2872104645
192,-0.3035888374
193,-0.2871828079
193,0.25432688
193,0.1890587509
194,-0.1559008211
194,-0.2872106135
194,-0.3032489419
195,-0.3200033903
195,0.2050870359
195,0.2218277752
196,-0.1559008807
196,-0.2212383747
196,-0.303250283
197,-0.2871828973
197,0.2214971781
197,0.2218770087
198,-0.1230803505
198,-0.2379799783
198,-0.2540204823
199,-0.3035931587
199,0.2054301202
199,0.2218751907
200,-0.1394906789
200,-0.2051596045
200,-0.2539720535
201,-0.3035932183
201,0.2215070426
201,0.2218743563
202,-0.1559009105
202,-0.2872109115
202,-0.3032538593
203,-0.3200034797
203,0.2215069532
203,0.2218735218
204,-0.1559009403
204,-0.1723490506
204,-0.2871783674
205,-0.3035932779
205,0.2218420208
205,0.2382829785
206,-0.155900985
206,-0.2868759632
206,-0.286845237
207,-0.3200035095
207,0.2215069532
207,0.2054616064
208,-0.2543625236
208,-0.2872119248
208,-0.3196666241
209,-0.3200035393
209,0.22150594
209,0.2382812202
210,-0.1394907087
210,-0.2872111201
210,-0.3199988008
211,-0.3200035393
211,0.2214969099
211,0.2382295728
212,-0.1559009999
212,-0.2872110605
212,-0.2868987322
213,-0.3200035691
213,0.2218442857
213,0.2382794917
214,-0.1559010148
214,-0.2872211337
214,-0.2869495451
215,-0.3200035989
215,0.2215067446
215,0.238278687
216,-0.1066702604
216,-0.1723395139
216,-0.2868494987
217,-0.3200035989
217,0.2215067446
217,0.2381781638
218,-0.1066702902
218,-0.2708010077
218,-0.2705397904
219,-0.3200035989
219,0.2214969397
219,0.2054595947
220,-0.1066702306
220,-0.1723393351
220,-0.2868481278
221,-0.3200035989
221,0.2215063274
221,0.2382858992
222,-0.1394906193
222,-0.2051594257
222,-0.2540217638
223,-0.3200034499
223,0.2215071917
223,0.1233634427
224,-0.1723111719
224,-0.2872107029
224,-0.3035886586
225,-0.3200034797
225,0.2215071917
225,0.2383349538
226,-0.1559009105
226,-0.2872108221
226,-0.3199988604
227,-0.3200034797
227,0.2214874029
227,0.2380726933
228,-0.2543624938
228,-0.3200314045
228,-0.3196646571
229,-0.3200035095
229,0.2215070128
229,0.2054120302
230,-0.2543624938
230,-0.270465821
230,-0.3196655214
231,-0.3200035095
231,0.2214970887
231,0.2382825017
232,-0.1066701785
232,-0.2708007991
232,-0.2540252507
233,-0.3200035393
233,0.1726092547
233,0.1562346369
234,-0.1066701412
234,-0.3200311363
234,-0.3032023907
235,-0.3200034499
235,0.270738095
235,0.2382879257
236,-0.2543624043
236,-0.2872106433
236,-0.2868402898
237,-0.2871828973
237,0.172276631
237,0.1234164163
238,-0.05743931234
238,-0.3200311959
238,-0.2868399918
239,-0.3200034201
239,0.2215073705
239,0.2054681629
240,-0.155900836
240,-0.2543901205
240,-0.2047882378
241,-0.2871828675
241,0.2214973569
241,0.2379496694
242,-0.05743928254
242,-0.3200311363
242,-0.3196595013
243,-0.2543624043
243,0.2546422482
243,0.2383606434
244,-0.1394900829
244,-0.303619206
244,-0.2540905178
245,-0.3035926521
245,0.2871527672
245,0.271171689
246,-0.04102781415
246,-0.2051551342
246,-0.3035898805
247,-0.2215406597
247,0.2874002457
247,0.189165324
248,-0.07384759933
248,-0.1559215337
248,-0.237501204
249,-0.2871809304
249,0.2379258871
249,0.2220079601
250,-0.09025750309
250,-0.2051736414
250,-0.2867491841
251,-0.3200010955
251,0.2543238699
251,0.221537292
252,-0.0902576521
252,-0.2543940842
252,-0.3195394278
253,-0.3200012743
253,0.2543334961
253,0.222017318
254,-0.09025803953
254,-0.3197669089
254,-0.3196468651
255,-0.320001632
255,0.2381937504
255,0.2547326386
256,-0.09025833756
256,-0.2051550448
256,-0.2543593645
257,-0.3035916686
257,0.1886900663
257,0.25471434
258,-0.09025863558
258,-0.2051558495
258,-0.3200000823
259,-0.3035919666
259,0.2543303668
259,0.2711564004
260,-0.07384861261
260,-0.2051566541
260,-0.2539718747
261,-0.303592205
261,0.254329592
261,0.18909356
262,-0.139489904
262,-0.3036189377
262,-0.3032141924
263,-0.3035924435
263,0.2543289661
263,0.09062046558
264,-0.07384908944
264,-0.3200298846
264,-0.3032257557
265,-0.3200029433
265,0.2543286979
265,0.1394878477
266,-0.1230799481
266,-0.3200300634
266,-0.3032309115
267,-0.3200030327
267,0.270727694
267,0.09059698135
268,-0.1230803058
268,-0.3200422525
268,-0.2871785462
269,-0.3200033903
269,0.221850723
269,0.1070392132
270,-0.1066704392
270,-0.3200335801
270,-0.3199986517
271,-0.3200037777
271,0.1886825562
271,0.1725474447
272,-0.09026072174
272,-0.3196710646
272,-0.2868857384
273,-0.3200042844
273,0.2543231249
273,0.2381674945
274,-0.254363656
274,-0.270804882
274,-0.3197254837
275,-0.3200046718
275,0.3039364517
275,0.09057731181
276,-0.3035945594
276,-0.3200443685
276,-0.3197357357
277,-0.3200048208
277,0.2215030491
277,0.1068702638
278,-0.05744080245
278,-0.3200441897
278,-0.3197962046
279,-0.3200049102
279,0.2707346678
279,0.2546187043
280,-0.05744080245
280,-0.3200351894
280,-0.3197402358
281,-0.2871843874
281,0.2215033174
281,0.1562208384
282,-0.1887227297
282,-0.3200436234
282,-0.2871772349
283,-0.320004791
283,0.2214948237
283,0.1561714262
284,-0.254363656
284,-0.320035249
284,-0.2869056165
285,-0.3200046718
285,0.1230426952
285,0.1069530547
286,-0.1559018642
286,-0.3036240339
286,-0.2704828084
287,-0.3200044334
287,0.1722740978
287,0.1069099307
288,-0.2379529476
288,-0.3200336993
288,-0.3032926023
289,-0.3200042248
289,0.2707264721
289,0.156201601
290,-0.1066707671
290,-0.3200332224
290,-0.3196959794
291,-0.3200041056
291,0.1722748429
291,0.1562075466
292,-0.303593725
292,-0.3200328946
292,-0.2868693769
293,-0.3200039864
293,0.1722741872
293,0.2054416835
294,-0.1066705883
294,-0.320032686
294,-0.3196342289
295,-0.2707731426
295,0.2215052843
295,0.1066680551
296,-0.106670469
296,-0.3032765388
296,-0.2703981698
297,-0.3200038075
297,0.2215061486
297,0.1562175006
298,-0.1066704392
298,-0.3200332224
298,-0.3032696843
299,-0.2379525006
299,0.2707371712
299,0.1562206
300,-0.1066703871
300,-0.2868648469
300,-0.2541376352
301,-0.3035934865
301,0.2218492329
301,0.1562235802
302,-0.05743956193
302,-0.320032835
302,-0.2540329397
303,-0.3035934269
303,0.2707372606
303,0.1562225968
304,-0.1559011191
304,-0.3200320899
304,-0.3196748495
305,-0.3200036883
305,0.2215056717
305,0.1070446745
306,-0.2707728744
306,-0.2704609334
306,-0.270493567
307,-0.3200036585
307,0.172255829
307,0.1561279595
308,-0.1559009999
308,-0.3032841384
308,-0.2704890072
309,-0.3200035691
309,0.1722749621
309,0.1070461571
310,-0.1066702902
310,-0.3036215901
310,-0.2704406679
311,-0.3200036585
311,0.1890423596
311,0.2218433619
312,-0.09026048332
312,-0.3036336005
312,-0.2704643905
313,-0.3200040758
313,0.1394334733
313,0.2710030973
314,-0.2871838808
314,-0.3036336303
314,-0.2704809308
315,-0.3200044036
315,0.1562382877
315,0.09053067863
316,-0.2215431035
316,-0.3200348914
316,-0.3197257519
317,-0.287184149
317,0.20547387
317,0.1397565454
318,-0.270773977
318,-0.2543943524
318,-0.3199977577
319,-0.2871842086
319,0.1230415925
319,0.09052438289
320,-0.2543637455
320,-0.3200347126
320,-0.2869114876
321,-0.320004791
321,0.2711105347
321,0.2054015994
322,-0.2051328719
322,-0.1887532771
322,-0.2869060338
323,-0.2707738876
323,0.2707248926
323,0.2543611228
324,-0.2543636262
324,-0.3036243916
324,-0.319725275
325,-0.320004642
325,0.2050935626
325,0.1069419682
326,-0.2051328719
326,-0.2379930913
326,-0.3033142686
327,-0.320004642
327,0.1886737049
327,0.2217512727
328,-0.270773977
328,-0.270803839
328,-0.2376797795
329,-0.3200047612
329,0.1886826754
329,0.1397577077
330,-0.2379534543
330,-0.3036427498
330,-0.2869647145
331,-0.3200047314
331,0.2050929815
331,0.2217998803
332,-0.2215433419
332,-0.254394114
332,-0.2869181037
333,-0.3200048804
333,0.3035553992
333,0.2381983101
334,-0.2707743347
334,-0.2872317433
334,-0.3198640645
335,-0.3200051188
335,0.2215043902
335,0.1889621019
336,-0.1887231469
336,-0.237983346
336,-0.3198143542
337,-0.2871846855
337,0.2707346678
337,0.2546019852
338,-0.05744116008
338,-0.2544108331
338,-0.319922328
339,-0.2871847153
339,0.3199652731
339,0.1069188416
340,-0.2543640435
340,-0.3036245406
340,-0.2705169916
341,-0.3200050592
341,0.2711169124
341,0.1561600417
342,-0.2379536033
342,-0.1887523234
342,-0.3199976087
343,-0.2707740963
343,0.3199649751
343,0.2543611825
344,-0.254363656
344,-0.2872146368
344,-0.2540850341
345,-0.3035944104
345,0.3199658692
345,0.1068973243
346,-0.1887223721
346,-0.2708042264
346,-0.3033590913
347,-0.2379531562
347,0.2707255483
347,0.2053718567
348,-0.0574401468
348,-0.1883908063
348,-0.3197026849
349,-0.254363209
349,0.2054499388
349,0.1561501473
350,-0.05743994936
350,-0.09028954059
350,-0.1392344683
351,-0.2051322609
351,0.2214957774
351,0.2054462135
352,-0.2051320374
352,-0.07353007048
352,-0.1391692013
353,-0.2543628216
353,0.303560704
353,0.2218984365
354,0.008202103898
354,-0.2048417628
354,-0.2704091072
355,-0.3200030029
355,0.2218016386
355,0.1070592999
356,-0.2215408385
356,-0.1228134856
356,-0.3031969965
357,-0.3200023472
357,0.2051027715
357,0.2383697927
358,-0.07384801656
358,-0.1723334342
358,-0.1390659958
359,-0.2215403318
359,0.3035650849
359,0.123076193
360,-0.09025798738
360,-0.04106155038
360,-0.1390485018
361,-0.1723093241
361,0.2215147316
361,0.1563135833
362,-0.05743719637
362,-0.1066906154
362,-0.1718510538
363,-0.1887192428
363,0.2707455158
363,0.2055501938
364,-0.05743710697
364,-0.1231008098
364,-0.2703072429
365,-0.3200012147
365,0.2543131709
365,0.1891433597
366,-0.02461653203
366,-0.2379725873
366,-0.3031246364
367,-0.2051293701
367,0.3035662174
367,0.2220454216
368,-0.04102675989
368,-0.1723313779
368,-0.2374802828
369,-0.2707703114
369,0.2871437967
369,0.2379475534
370,-0.0410269089
370,-0.1885046959
370,-0.2867201269
371,-0.2871807218
371,0.2871542871
371,0.2051272839
372,-0.09025783837
372,-0.2051531971
372,-0.2046797574
373,-0.2543604076
373,0.2871533632
373,0.1727409214
374,-0.04102732614
374,-0.1395131797
374,-0.2047801316
375,-0.2543606758
375,0.287152499
375,0.2219567597
376,-0.04102756456
376,-0.2048841119
376,-0.2211202383
377,-0.287181437
377,0.303847909
377,0.2219382524
378,-0.04102789238
378,-0.2048701644
378,-0.2539592683
379,-0.3035919666
379,0.3035505712
379,0.2383381426
380,-0.0738485828
380,-0.1887671351
380,-0.1555997878
381,-0.2707716525
381,0.3035606742
381,0.2383278906
382,-0.02461800724
382,-0.2051778734
382,-0.1556115896
383,-0.3035923541
383,0.3035600483
383,0.1890871525
384,-0.02461820096
384,-0.2379783392
384,-0.1723072678
385,-0.2707720399
385,0.3035594523
385,0.188718617
386,-0.02461840957
386,-0.1723480672
386,-0.2375897467
387,-0.2871825099
387,0.2707371414
387,0.2054100335
388,-0.05743947253
388,-0.1720031649
388,-0.2376162112
389,-0.2871830165
389,0.2707358897
389,0.1069919169
390,-0.05743958056
390,-0.1723400503
390,-0.2375723124
391,-0.2543626726
391,0.2707367539
391,0.2054119408
392,-0.106670171
392,-0.1723393053
392,-0.2047433853
393,-0.2543624938
393,0.2218543887
393,0.2052338719
394,-0.05743969977
394,-0.139519617
394,-0.2376274467
395,-0.254362762
395,0.2379148304
395,0.172610566
396,-0.1394912899
396,-0.1395208389
396,-0.1227741465
397,-0.2543630898
397,0.2054644823
397,0.1890000105
398,0.05743141472
398,-0.04107930139
398,-0.2050029039
399,-0.172312215
399,0.3035548329
399,0.2382151783
400,0.02461060137
400,0.02457990497
400,-0.05716942251
401,-0.1230817065
401,0.1722722799
401,0.3039091527
402,0.1230720207
402,0.07419382781
402,0
403,-0.05744077265
403,0.07380191237
403,0
404,0.1887132525
404,0.1230415925
404,0.09058399498
405,-0.008209822699
405,0.1558645517
405,0.0905732885
406,-0.1723115295
406,0.1558651179
406,0.09047014266
407,0.09025256336
407,0.2053946853
407,0.1891081035
408,-0.073848553
408,0.1558598429
408,0.1234212443
409,0.02461298555
409,0.3037706912
409,0.2384430468
410,0.1230762228
410,0.1558648348
410,0.04152004793
411,-0.02461608499
411,0.3199768364
411,0.3042030334
412,0.2051287889
412,0.1394513398
412,0.0579909049
413,-0.008204607293
413,0.3199831545
413,0.3043234348
414,0.1723087281
414,0.1230681613
414,0.04175950959
415,0.1230779514
415,0.3198893964
415,0.3044377863
416,0.2051288486
416,0.2870694995
416,0.1567455083
417,0.09025706351
417,0.3198022246
417,0.3209680617
418,0.2871860564
418,0.2377541065
418,0.1732776314
419,0.05744244158
419,0.3035750091
419,0.2882922888
420,0.2543697357
420,0.2543444335
420,0.1898251772
421,0.1230875626
421,0.3035723865
421,0.3035869598
422,0.2871928811
422,0.2379317582
422,0.1571697444
423,0.09026951343
423,0.3035801649
423,0.3214575052
424,0.3200109899
424,0.2215292156
424,0.1901786923
425,0.09026724845
425,0.3035925329
425,0.3213872015
426,0.2543565333
426,0.1394897252
426,0.07523272187
427,0
427,0.303602159
427,0.3208662271
428,0.1886961013
428,0.05744835362
428,-0.007361126132
429,-0.02463712543
429,0.3200124204
429,0.3036013842
430,0.1230480894
430,0.02462788671
430,-0.0410140045
431,-0.04105447605
431,0.3200017214
431,0.2868810594
432,0.09023413807
432,0.04150517657
432,-0.09055708349
433,-0.1559196413
433,0.3199901581
433,0.3033869565
434,0.05742006004
434,0
434,-0.09034793079
435,-0.1887338459
435,0.3035850823
435,0.2870604098
436,0.04101293162
436,-0.1226465628
436,-0.09037495404
437,-0.2051408738
437,0.3035772145
437,0.2869559228
438,0.04101457074
438,-0.07385224849
438,-0.07390000671
439,-0.2707802653
439,0.3035747111
439,0.3199135065
440,0.04101576284
440,-0.05744428933
440,-0.09025046974
441,-0.155907318
441,0.2871697247
441,0.320005089
442,0.05742784962
442,-0.09027469903
442,-0.05736730993
443,-0.09026447684
443,0.303563565
443,0.2708998621
444,0.05743052065
444,0
444,-0.1064749733
445,-0.155902788
445,0.2707345188
445,0.2710241973
446,-0.05743803084
446,-0.1066815853
446,-0.122728087
447,-0.2051303536
447,0.2543472648
447,0.2712551653
448,-0.07384604961
448,-0.1393388212
448,-0.155447185
449,-0.2215383649
449,0.2379321456
449,0.2057338655
450,-0.1066652536
450,-0.1230869517
450,-0.2215426862
451,-0.287178129
451,0.2543473542
451,0.2057966292
452,-0.05743412673
452,-0.1723172814
452,-0.2372581363
453,-0.3035879731
453,0.2707544863
453,0.2058279216
454,-0.1066649258
454,-0.1723176688
454,-0.2371930182
455,-0.3035880029
455,0.3199885786
455,0.2215337753
456,-0.09025470167
456,-0.1394972652
456,-0.1715620309
457,-0.2379471362
457,0.2379381955
457,0.2387375236
458,-0.04102395847
458,-0.09026703984
458,-0.1715050191
459,-0.2379469872
459,0.3199876547
459,0.2388211787
460,-0.07384227961
460,-0.1230883524
460,-0.1878454685
461,-0.2543551028
461,0.2379355729
461,0.1732528657
462,-0.09025055915
462,-0.1887302697
462,-0.2051377892
463,-0.2707633674
463,0.254345417
463,0.2881817818
464,-0.1066597998
464,-0.1559109241
464,-0.2205344141
465,-0.2871726453
465,0.2215224802
465,0.2554033697
466,-0.09024886042
466,-0.1395030916
466,-0.2040733397
467,-0.2707616389
467,0.2376817465
467,0.2226325572
468,-0.1066586375
468,-0.1561626345
468,-0.2204342484
469,-0.2871715128
469,0.2543403208
469,0.2062732875
470,-0.09024830163
470,-0.1890318394
470,-0.2039815485
471,-0.270761162
471,0.2051094174
471,0.1243282184
472,-0.1230692789
472,-0.1723263413
472,-0.236689657
473,-0.3035821319
473,0.1887003183
473,0.1394848377
474,-0.1558909863
474,-0.2219595611
474,-0.2858752906
475,-0.3199937344
475,0.1722909659
475,0.1736862808
476,-0.1558930725
476,-0.1891644001
476,-0.2530277073
477,-0.3199957013
477,0.1722920388
477,0.1080665663
478,-0.2543561161
478,-0.2379645109
478,-0.3022604585
479,-0.319997102
479,0.1230625734
479,0.1245134249
480,-0.1394859403
480,-0.221552968
480,-0.3199983239
481,-0.3199987411
481,0.1389540136
481,0.07526991516
482,-0.1723078936
482,-0.2051416337
482,-0.3185795546
483,-0.3200001717
483,0.09024462849
483,0.09170655161
484,-0.2215380371
484,-0.2543711662
484,-0.3185432851
485,-0.3199997544
485,0.1219406947
485,0.1557298154
486,-0.3035909534
486,-0.2707796395
486,-0.3199946284
487,-0.3200010955
487,0.0902408734
487,0.123048313
488,-0.2215507329
488,-0.2874236703
488,-0.3184842765
489,-0.3200026453
489,0.07386059314
489,0.139504388
490,-0.1887188554
490,-0.2721209526
490,-0.3198060393
491,-0.3200111985
491,0.07545756549
491,0.05611266196
492,-0.1723286659
492,-0.2559001744
492,-0.320448339
493,-0.3200346231
493,0.1231666729
493,0.1410043687
494,-0.2379114628
494,-0.2710240781
494,-0.320048362
495,-0.3200134933
495,0.09024880081
495,0.09171608835
496,-0.2707475424
496,-0.285597384
496,-0.321436584
497,-0.3199615479
497,0.123067759
497,0.190227747
498,-0.12307363
498,-0.2051356286
498,-0.2692561448
499,-0.3035874367
499,0.254350394
499,0.1394906789
500,-0.1394851953
500,-0.172318235
500,-0.2857061327
501,-0.3199981451
501,0.1722959727
501,0.1737246066
502,-0.1558952183
502,-0.1887299716
502,-0.2529469728
503,-0.3199977875
503,0.221526444
503,0.1573123485
504,-0.05743412673
504,-0.1564233601
504,-0.2201253474
505,-0.2871777713
505,0.2051165402
505,0.2543627322
506,-0.1066659391
506,-0.1394992769
506,-0.2543551624
507,-0.319999218
507,0.237937063
507,0.2066032588
508,-0.02461532503
508,-0.07439655811
508,-0.1872869432
509,-0.2543589175
509,0.3199890852
509,0.2394538224
510,-0.05743701756
510,-0.1066779494
510,-0.1708625108
511,-0.2871805429
511,0.237939477
511,0.2558799982
512,-0.05743913352
512,-0.1887275875
512,-0.1051949859
513,-0.2871826589
513,0.1394877136
513,0.190028891
514,-0.2379600704
514,-0.2051278353
514,-0.3188803196
515,-0.3200112581
515,0.09026287496
515,0.0912149027
516,-0.2215563953
516,-0.2215322852
516,-0.3191962242
517,-0.3036076128
517,0.1227936074
517,0.09127844125
518,-0.1559170634
518,-0.2215316296
518,-0.2863012552
519,-0.3200196326
519,0.1394944191
519,0.05813275278
520,-0.2707903683
520,-0.2707621157
520,-0.3191717863
521,-0.3200211227
521,0.1066733003
521,0.09088996798
522,-0.2051464915
522,-0.3199934959
522,-0.3192269802
523,-0.3200182915
523,0.1559023559
523,0.1077146828
524,-0.1395018548
524,-0.2707643211
524,-0.3199892938
525,-0.3200147152
525,0.1226497516
525,0.1077938676
526,-0.1230894849
526,-0.1558940262
526,-0.269643724
527,-0.3200125694
527,0.1394912452
527,0.156988129
528,-0.1230904236
528,-0.1887142062
528,-0.3190714419
529,-0.3200134635
529,0.172312066
529,0.2060382962
530,-0.09027016908
530,-0.1230725572
530,-0.220466733
531,-0.2543729544
531,0.2215432823
531,0.2225853205
532,-0.07386065274
532,-0.2215336263
532,-0.2369022369
533,-0.287194103
533,0.254363209
533,0.2715161741
534,-0.05745016038
534,-0.1394826174
534,-0.2040680349
535,-0.2051424682
535,0.30359447
535,0.2718212008
536,-0.057450369
536,-0.09025169909
536,-0.08920464665
537,-0.2707837522
537,0.2707747221
537,0.2880324721
538,-0.04104136303
538,-0.09062517434
538,-0.2042768598
539,-0.2051439136
539,0.2379570603
539,0.2713138163
540,-0.09028477222
540,-0.1888332665
540,-0.18846488
541,-0.1887463033
541,0.1887249202
541,0.1559067219
542,-0.1395136565
542,-0.2706287503
542,-0.3035914898
543,-0.3200264871
543,0.1069445014
543,0.1228876188
544,-0.1395114511
544,-0.2051293999
544,-0.3201703727
545,-0.3200242817
545,0.09024847299
545,0.1230863407
546,-0.1723305136
546,-0.2379534841
546,-0.3201917112
547,-0.3200228214
547,0.02461042255
547,0.07365659624
548,-0.1887404025
548,-0.1887229234
548,-0.3203247786
549,-0.3200224638
549,0.1230721995
549,0.07355243713
550,-0.3200229406
550,-0.2543636858
550,-0.3202930987
551,-0.320022881
551,0.1230744347
551,0.09004683793
552,-0.2379726768
552,-0.2871848345
552,-0.3037981689
553,-0.3200239539
553,0.1723109037
553,0.1394966096
554,-0.172333166
554,-0.237945497
554,-0.3035900891
555,-0.3200254738
555,0.1394877881
555,0.1393732429
556,-0.1887426674
556,-0.254358381
556,-0.3201136589
557,-0.3200247288
557,0.1230739579
557,0.1064543799
558,-0.205152005
558,-0.2543648779
558,-0.3202103972
559,-0.2707930505
559,0.1558929682
559,0.08998305351
560,-0.2215616405
560,-0.2211967111
560,-0.3201911449
561,-0.2872025967
561,0.1230724677
561,0.1392181367
562,-0.172330901
562,-0.2376057804
562,-0.3202721775
563,-0.2872026265
563,0.1230694428
563,0.106400758
564,-0.1887411773
564,-0.2379595041
564,-0.3202645481
565,-0.3036129773
565,0.1066619456
565,0.05744531378
566,-0.2051510513
566,-0.2539996505
566,-0.3038884997
567,-0.3200228214
567,0.07383812219
567,0.1066761911
568,-0.2051508725
568,-0.2707740366
568,-0.3203095794
569,-0.3200226724
569,0.07384137064
569,0.1063629389
570,-0.2051509321
570,-0.2051329911
570,-0.3203037083
571,-0.320022732
571,0.09025190026
571,0.1066762209
572,-0.1559205502
572,-0.2215429842
572,-0.3035801947
573,-0.3200231194
573,0.172304973
573,0.1721066684
574,-0.1559213251
574,-0.1559096426
574,-0.3202219009
575,-0.3200238943
575,0.1230767295
575,0.1557644159
576,-0.1559219807
576,-0.2707694173
576,-0.2871699333
577,-0.32002455
577,0.1723096818
577,0.1394157112
578,-0.1395122856
578,-0.2215392292
578,-0.3199904859
579,-0.2872045934
579,0.155898124
579,0.1721958965
580,-0.1723324507
580,-0.2379480302
580,-0.3201117218
581,-0.3200247586
581,0.123070322
581,0.1559069306
582,-0.1887415349
582,-0.2543626428
582,-0.3201931119
583,-0.3200235963
583,0.155889079
583,0.1230863854
584,-0.2215605676
584,-0.2707743049
584,-0.3203504384
585,-0.3200221658
585,0.1070529521
585,0.1227290258
586,-0.1559195966
586,-0.2871845663
586,-0.287509203
587,-0.3200221658
587,0.1394820958
587,0.1227301583
588,-0.2215606272
588,-0.2871845663
588,-0.287509203
589,-0.3200221658
589,0.1230719611
589,0.1392998695
590,-0.2215609252
590,-0.2379536629
590,-0.3199905157
591,-0.3036122024
591,0.1066619456
591,0.1391924173
592,-0.1887408495
592,-0.2375945151
592,-0.3038830161
593,-0.3036126494
593,0.1398189813
593,0.1556457281
594,-0.1887413561
594,-0.2543632388
594,-0.2874313891
595,-0.3200233579
595,0.1066641808
595,0.07365117222
596,-0.1231008694
596,-0.18872042
596,-0.2545542717
597,-0.3200239539
597,0.1725733727
597,0.1721565574
598,-0.1231014952
598,-0.2871823609
598,-0.3201503158
599,-0.3200245798
599,0.1230773255
599,0.1065486073
600,-0.1231016144
600,-0.1394867748
600,-0.2051186562
601,-0.320024699
601,0.2051286697
601,0.1393703818
602,-0.1395118684
602,-0.2707687616
602,-0.2051186562
603,-0.2707939148
603,0.2051228881
603,0.1557028145
604,-0.1559213847
604,-0.2707716525
604,-0.2217473388
605,-0.2872034311
605,0.1558930129
605,0.1392183751
606,-0.09027958661
606,-0.1559018642
606,-0.2382170558
607,-0.3036129475
607,0.1562728584
607,0.1884030998
608,-0.1723302156
608,-0.2871843576
608,-0.2874975801
609,-0.3200225234
609,0.1558893025
609,0.1723171026
610,-0.1230994537
610,-0.2543638945
610,-0.2546804249
611,-0.3200225234
611,0.155892387
611,0.1391471475
612,-0.1395094097
612,-0.2539677322
612,-0.2711120546
613,-0.3200221956
613,0.1558888108
613,0.1555716991
614,-0.1559193134
614,-0.2871881127
614,-0.2875499725
615,-0.3200218678
615,0.139481917
615,0.139161095
616,-0.1066884995
616,-0.17231296
616,-0.2382747233
617,-0.3200218976
617,0.1563044041
617,0.1391625851
618,-0.1723294407
618,-0.1723163575
618,-0.3039586842
619,-0.3036114872
619,0.1558921784
619,0.1555768698
620,-0.1230982617
620,-0.2051334679
620,-0.2546794116
621,-0.3200213313
621,0.2051229924
621,0.1063497365
622,-0.1395082027
622,-0.2707779408
622,-0.2710856199
623,-0.3200210333
623,0.155892238
623,0.1227618977
624,-0.2379696071
624,-0.2871882021
624,-0.3203144968
625,-0.3200208843
625,0.1558922231
625,0.1719913334
626,-0.2379697263
626,-0.2871847153
626,-0.3039061129
627,-0.3200210035
627,0.139482066
627,0.1227669641
628,-0.1395076513
628,-0.1887230575
628,-0.3038995564
629,-0.320020467
629,0.1723027378
629,0.1391855031
630,-0.1395070106
630,-0.2051331699
630,-0.2710707188
631,-0.3200198412
631,0.1722990721
631,0.1063757539
632,-0.155916512
632,-0.2215509415
632,-0.2877071202
633,-0.3200191259
633,0.1400068551
633,0.1063747406
634,-0.1723268479
634,-0.2379535139
634,-0.3038820028
635,-0.2871986628
635,0.1394824535
635,0.08983940631
636,-0.1887368858
636,-0.2543637156
636,-0.303878963
637,-0.3200189471
637,0.1722991019
637,0.1556027383
638,-0.1559168249
638,-0.25436759
638,-0.3204239309
639,-0.3200193942
639,0.155892536
639,0.1556005031
640,-0.2215579748
640,-0.2051368207
640,-0.3199909627
641,-0.3200195134
641,0.1558927
641,0.08996567875
642,-0.2379677892
642,-0.2379534841
642,-0.2874701321
643,-0.3200190365
643,0.2215337157
643,0.1230857894
644,-0.1723264307
644,-0.1723162681
644,-0.2874647081
645,-0.3200187087
645,0.1394824535
645,0.1227930561
646,-0.1887364984
646,-0.3036023676
646,-0.3205249012
647,-0.3200185597
647,0.1230723783
647,0.1065211594
648,-0.2379663885
648,-0.320004493
648,-0.3199912906
649,-0.3200176358
649,0.1394827068
649,0.1063956022
650,-0.172325328
650,-0.2215429246
650,-0.2874504924
651,-0.287197113
651,0.156441763
651,0.1063947976
652,-0.1559151262
652,-0.237953186
652,-0.3037353456
653,-0.303607434
653,0.1722991616
653,0.1884298325
654,-0.09027535468
654,-0.1723124236
654,-0.2218272388
655,-0.3036086857
655,0.2215335369
655,0.2046999037
656,-0.1066862941
656,-0.1723126024
656,-0.2546572089
657,-0.3200196326
657,0.1887128353
657,0.1884111166
658,-0.1230972782
658,-0.2046588659
658,-0.2546660304
659,-0.3036100268
659,0.1728088111
659,0.1720104367
660,-0.1559169739
660,-0.1723125726
660,-0.271066457
661,-0.3200195432
661,0.1723030657
661,0.1394958496
662,-0.1887353361
662,-0.2379573286
662,-0.2875696421
663,-0.3200174868
663,0.1236012802
663,0.1392373592
664,-0.1395044178
664,-0.2046037614
664,-0.2708981931
665,-0.3200171888
665,0.1723040491
665,0.09001577646
666,-0.1559141725
666,-0.2215420902
666,-0.2875362039
667,-0.3200167418
667,0.1394837201
667,0.155666694
668,-0.07386241108
668,-0.1066701412
668,-0.2218828499
669,-0.2871957421
669,0.2379406095
669,0.1884939075
670,-0.1230930015
670,-0.2702640891
670,-0.2545830607
671,-0.3200160265
671,0.205635041
671,0.1555573791
672,-0.1559135765
672,-0.1559008509
672,-0.2382888198
673,-0.3200161159
673,0.1887145042
673,0.1720804721
674,-0.1066828072
674,-0.1559008807
674,-0.2544704378
675,-0.2871956229
675,0.1558939964
675,0.1884903014
676,-0.1559136063
676,-0.20513165
676,-0.304035902
677,-0.3200161457
677,0.1394837499
677,0.1556708068
678,-0.1887340695
678,-0.2215418816
678,-0.319991976
679,-0.3200161159
679,0.1892164648
679,0.1553991586
680,-0.172323063
680,-0.2871926725
680,-0.2711818218
681,-0.3200153112
681,0.1558944136
681,0.09017647058
682,-0.3036046624
682,-0.3035978973
682,-0.3201900423
683,-0.3200149238
683,0.1394841373
683,0.1556011587
684,-0.1887328029
684,-0.2374653816
684,-0.3201881945
685,-0.3200148344
685,0.1066637933
685,0.1063865125
686,-0.2215527296
686,-0.3200028837
686,-0.3203784823
687,-0.3200142682
687,0.09025359899
687,0.0736752823
688,-0.254373163
688,-0.3200028837
688,-0.3200637102
689,-0.3200141191
689,0.09073538333
689,0.07366380841
690,-0.2379633188
690,-0.2707722783
690,-0.320289433
691,-0.3200146556
691,0.1230733916
691,0.02438987046
692,-0.3200161159
692,-0.2538494766
692,-0.3203385174
693,-0.3200160861
693,-0.008209435269
693,0.04075779393
694,-0.254376471
694,-0.2374074757
694,-0.3203904331
695,-0.3200174272
695,0.09024760872
695,0.1063579917
696,-0.2707898021
696,-0.3195374608
696,-0.3191537261
697,-0.3200205564
697,0.09025193006
697,0.1392320246
698,-0.3036130071
698,-0.3200044334
698,-0.3202564716
699,-0.3200233281
699,0.1232753322
699,0.02461185306
700,-0.2543846667
700,-0.3035882711
700,-0.3199905157
701,-0.3200257421
701,0.04109387472
701,0.04119031504
702,-0.237975657
702,-0.254350394
702,-0.3199905753
703,-0.3200269341
703,0.0738549605
703,0.07407850772
704,-0.2543863058
704,-0.3035809398
704,-0.3199905753
705,-0.3200273216
705,0.07375719398
705,0.1235836968
706,-0.2707976997
706,-0.3199912906
706,-0.3195920885
707,-0.2872079611
707,0.07385433465
707,0.09092474729
708,-0.3200263977
708,-0.319991827
708,-0.2871690094
709,-0.3200263679
709,0.09026361257
709,-0.00736820465
710,-0.2871997356
710,-0.2874541283
710,-0.3192963004
711,-0.3200204372
711,0.1394927949
711,0.1404956728
712,-0.2871950269
712,-0.3199944198
712,-0.2697587311
713,-0.3200155795
713,0.1394930482
713,0.1734573692
714,-0.2215544879
714,-0.2379429042
714,-0.302593261
715,-0.3200160265
715,0.2051301897
715,0.2227375209
716,-0.1230885163
716,-0.1558955461
716,-0.22051543
717,-0.2379603386
717,0.2379502952
717,0.2051385939
718,-0.1066780984
718,-0.1394856125
718,-0.2051178515
719,-0.2707805932
719,0.2703235745
719,0.2225260139
720,-0.04103773832
720,-0.02461280674
720,-0.08943615854
721,-0.2215505838
721,0.2707739472
721,0.3210507631
722,-0.04104020074
722,-0.1230721995
722,-0.2039153725
723,-0.2051427513
723,0.2871860266
723,0.3209206462
724,-0.02463348955
724,-0.04101908207
724,-0.1558867544
725,-0.1559153348
725,0.3198013902
725,0.3042787611
726,0
726,-0.04101772979
726,-0.172297433
727,-0.2379745245
727,0.2543674409
727,0.2711411417
728,-0.04105352238
728,-0.07386798412
728,-0.204839319
729,-0.3036175966
729,0.287186414
729,0.2872623801
730,-0.00823151879
730,-0.1230699345
730,-0.2379572392
731,-0.3200263977
731,0.237947911
731,0.22139588
732,-0.07387051731
732,-0.1394879669
732,-0.1722982079
733,-0.2543833852
733,0.2219485343
733,0.254031986
734,-0.09027803689
734,-0.2379575372
734,-0.2379394472
735,-0.2872011065
735,0.1887123883
735,0.2048334181
736,-0.1230960414
736,-0.1723129302
736,-0.2383706868
737,-0.2543781102
737,0.2051147223
737,0.1882225722
738,-0.07386318594
738,-0.2051328421
738,-0.221529901
739,-0.2871965468
739,0.1892387122
739,0.2541120052
740,-0.07386315614
740,-0.1066706777
740,-0.2215301096
741,-0.3036067486
741,0.221535027
741,0.1556728631
742,-0.09027243406
742,-0.1394906193
742,-0.254583329
743,-0.2707852423
743,0.2379459143
743,0.1557215899
744,-0.09027070552
744,-0.09025929123
744,-0.2381242812
745,-0.2871937752
745,0.1887150407
745,0.2050027847
746,-0.04103814438
746,-0.2051372826
746,-0.1888424754
747,-0.2543714941
747,0.1887120605
747,0.2215612829
748,-0.09026752412
748,-0.1723138541
748,-0.1394640356
749,-0.237959832
749,0.2379337251
749,0.2378588021
750,-0.139496997
750,-0.1723229736
750,-0.2379558086
751,-0.2543688118
751,0.1722964793
751,0.1559462398
752,-0.1559059769
752,-0.1723269373
752,-0.2378992736
753,-0.2871880233
753,0.1234710738
753,0.1395140886
754,-0.1066742241
754,-0.1719184369
754,-0.2541908324
755,-0.3200075328
755,0.1558706313
755,0.1396275312
756,-0.123083584
756,-0.1723267883
756,-0.2541520894
757,-0.2871861458
757,0.1066364124
757,0.1230824515
758,-0.1559033692
758,-0.3036117554
758,-0.2707656622
759,-0.3200059235
759,0.139454782
759,0.07405505329
760,-0.1394925565
760,-0.205152154
760,-0.3033808172
761,-0.3200053871
761,0.106641978
761,0.1233674213
762,-0.1394921243
762,-0.2707943022
762,-0.2541257739
763,-0.3035946786
763,0.1394616514
763,0.1233309135
764,-0.1887225062
764,-0.2707951069
764,-0.2871772051
765,-0.3200045824
765,0.1230511889
765,0.123078905
766,-0.2379529774
766,-0.2707951963
766,-0.3199980259
767,-0.3200042844
767,0.1230513528
767,0.1233604327
768,-0.2543630302
768,-0.2707949877
768,-0.3197694719
769,-0.3200040162
769,0.1233685389
769,0.1233702973
770,-0.2051320374
770,-0.2707947493
770,-0.2704758346
771,-0.3200038373
771,0.1066434085
771,0.09063888341
772,-0.2707722783
772,-0.3033238351
772,-0.3197146952
773,-0.3200030625
773,0.09021309763
773,0.07413176447
774,-0.1887201667
774,-0.2543919086
774,-0.3196240067
775,-0.320002228
775,0.1394665092
775,0.02505939454
776,-0.2051300108
776,-0.2707902491
776,-0.3196416497
777,-0.3200018108
777,0.0902364701
777,0.107090801
778,-0.2379501462
778,-0.3036102057
778,-0.319617033
779,-0.3200014234
779,0.07405100018
779,0.09056390077
780,-0.287180841
780,-0.303621918
780,-0.3195709586
781,-0.3200013936
781,0.07405445725
781,0.09067452699
782,-0.2871810198
782,-0.3036224544
782,-0.3200006187
783,-0.3200015724
783,-0.008227465674
783,0.02493066341
784,-0.2871813178
784,-0.303368777
784,-0.3195980787
785,-0.3200018108
785,0.07381211966
785,-0.02431445569
786,-0.2871814966
786,-0.3036125004
786,-0.3196105957
787,-0.3200020194
787,0.07380083948
787,0.09054140002
788,-0.2707715034
788,-0.3197598159
788,-0.319624573
789,-0.3200022578
789,0.07382217795
789,-0.007841197774
790,-0.2707717121
790,-0.3036134839
790,-0.3199996054
791,-0.2871819735
791,0.02459015697
791,0.04102637246
792,-0.2543620467
792,-0.287225306
792,-0.3197606802
793,-0.2871825397
793,0.02458897978
793,0.008206484839
794,-0.2543625832
794,-0.2707953751
794,-0.3196931779
795,-0.3200036287
795,0.04132138565
795,-0.02437793463
796,-0.2379526496
796,-0.2543855608
796,-0.3197102249
797,-0.3200039268
797,0.05740849674
797,0.04129563645
798,-0.2215427756
798,-0.3032827973
798,-0.3197301626
799,-0.303594023
799,0.07380983979
799,0.07403171808
800,-0.205133006
800,-0.2379754782
800,-0.3033477664
801,-0.3035945296
801,0.1066236496
801,0.1230800226
802,-0.188723594
802,-0.2868327498
802,-0.2542808652
803,-0.3035953641
803,0.1230522767
803,0.09044615179
804,-0.1394929588
804,-0.2211885452
804,-0.2869898379
805,-0.3200057447
805,0.1394626647
805,0.09045202285
806,-0.2215441167
806,-0.2544008791
806,-0.3034545779
807,-0.3200056851
807,0.1562446058
807,0.1068003476
808,-0.1394928545
808,-0.2047781944
808,-0.3033952415
809,-0.3200056553
809,0.1066412926
809,0.1723103374
810,-0.172312662
810,-0.2379742563
810,-0.3198257387
811,-0.3200049698
811,0.123042129
811,0.1396696419
812,-0.2379526794
812,-0.2543843687
812,-0.3197134137
813,-0.3200039566
813,0.1230530664
813,0.1232913509
814,-0.2215419412
814,-0.2704850137
814,-0.3033748567
815,-0.3200034797
815,0.1230426356
815,0.1233520433
816,-0.2543622255
816,-0.2707934082
816,-0.3032650352
817,-0.3200032413
817,0.1066425443
817,0.1234040186
818,-0.2543621957
818,-0.287203759
818,-0.3199990094
819,-0.3200032115
819,0.123052828
819,0.1234093234
820,-0.2543621063
820,-0.2705016136
820,-0.3196675479
821,-0.3200030923
821,0.1722639948
821,0.2053698003
822,-0.287181735
822,-0.3200222552
822,-0.3196257651
823,-0.3035919964
823,0.07382581383
823,0.04143594578
824,-0.3035914004
824,-0.2543912232
824,-0.319631964
825,-0.3200016618
825,0.1230462417
825,0.1071158648
826,-0.2707702518
826,-0.320019275
826,-0.3195505738
827,-0.3200010359
827,-0.008225155063
827,-0.007805270143
828,-0.2379499078
828,-0.3036217391
828,-0.286739409
829,-0.3200011849
829,0.1066323519
829,0.008548347279
830,-0.2543610334
830,-0.2872025669
830,-0.3200000823
831,-0.3200020492
831,0.040969152
831,0.05768693984
832,-0.2379516065
832,-0.2705054581
832,-0.3197930455
833,-0.3200028837
833,0.04099934176
833,0.05775323138
834,-0.237952143
834,-0.2215747833
834,-0.3199988306
835,-0.3200034499
835,0.05740919337
835,0.07414684445
836,-0.1723114103
836,-0.2215648293
836,-0.3196995258
837,-0.3200037181
837,0.05740882456
837,0.09054181725
838,-0.1723116785
838,-0.3200367093
838,-0.3033044934
839,-0.3200040162
839,0.07381921262
839,0.09053701907
840,-0.1559015214
840,-0.188754499
840,-0.3197194934
841,-0.3200040758
841,0.07381943613
841,0.1069457531
842,-0.123081021
842,-0.3200364113
842,-0.2869003713
843,-0.3200041056
843,0.1230502054
843,0.1069444418
844,-0.2543631196
844,-0.2872061133
844,-0.3197222352
845,-0.3200041354
845,0.0902203396
845,0.1394889206
846,-0.2543630004
846,-0.2872056365
846,-0.2704843879
847,-0.3200039864
847,0.09023044258
847,0.05772538483
848,-0.2379526496
848,-0.3200259805
848,-0.3032478392
849,-0.320003897
849,0.09023056179
849,0.1068571582
850,-0.2543628216
850,-0.2872053385
850,-0.2540653348
851,-0.3200038373
851,0.1230512783
851,0.05768190324
852,-0.1559011787
852,-0.3200257123
852,-0.2868816555
853,-0.3200037479
853,0.1230413392
853,0.1069692448
854,-0.2543626428
854,-0.2872049809
854,-0.270767808
855,-0.3200036585
855,0.1230514571
855,0.1234322265
856,-0.254362613
856,-0.3036151826
856,-0.3196958005
857,-0.3200036287
857,0.1230516359
857,0.1233842894
858,-0.2379523218
858,-0.2704827487
858,-0.2868720293
859,-0.3200035691
859,0.1233594343
859,0.1234367713
860,-0.2543625236
860,-0.2704866827
860,-0.2541006505
861,-0.3200035393
861,0.1722826809
861,0.1233904883
862,-0.1559008956
862,-0.2872045338
862,-0.28686589
863,-0.3200034499
863,0.1886945963
863,0.2215391099
864,-0.1723105758
864,-0.2379829586
864,-0.2704252899
865,-0.3200028837
865,0.1558756679
865,0.1887180507
866,-0.1887201369
866,-0.2048893571
866,-0.3196214139
867,-0.3200021982
867,0.2545795143
867,0.1562191695
868,-0.1558991522
868,-0.2708126605
868,-0.2868575752
869,-0.3200017214
869,0.2215186954
869,0.2383794188
870,-0.07384748012
870,-0.1887381524
870,-0.2539280951
871,-0.2707705498
871,0.3035472631
871,0.2215372324
872,-0.05743692815
872,-0.0900754407
872,-0.1718949527
873,-0.1887189448
873,0.3035718203
873,0.2712549567
874,0.024614878
874,-0.04104404524
874,-0.1554113477
875,-0.2215389609
875,0.2871528566
875,0.3205253184
876,-0.02461510152
876,-0.09029565006
876,-0.1554041058
877,-0.2215381861
877,0.2871712446
877,0.3042568266
878,0.09025741369
878,-0.05744425952
878,-0.12243139
879,-0.188716948
879,0.2707450092
879,0.3043017983
880,0.07384707779
880,-0.07385615259
880,-0.1387152225
881,-0.2051272988
881,0.2379390895
881,0.2543546855
882,-0.02461295575
882,-0.1066763178
882,-0.1878327876
883,-0.2379463911
883,0.270755738
883,0.2225281
884,-0.05742834508
884,-0.106677711
884,-0.1723161787
885,-0.2871718407
885,0.3197109997
885,0.2226412594
886,-0.0902459994
886,-0.1559113711
886,-0.2696717381
887,-0.2871690392
887,0.2211863101
887,0.1899094582
888,-0.1558852494
888,-0.18873474
888,-0.3023933768
889,-0.3199880123
889,0.1722910553
889,0.1243353561
890,-0.1887054592
890,-0.2215547264
890,-0.3187372684
891,-0.3199877441
891,0.1722916812
891,0.1079365909
892,-0.2379369438
892,-0.2875677943
892,-0.3187239766
893,-0.3199883401
893,0.2047122717
893,0.09160681069
894,0
894,-0.1066813469
894,-0.1874055713
895,-0.319988966
895,0.188703388
895,0.206448257
896,-0.09024573117
896,-0.1230911538
896,-0.2038033903
897,-0.3035792112
897,0.2379352152
897,0.3049818873
898,-0.1558872014
898,-0.2543725669
898,-0.3186514378
899,-0.3199899197
899,0.1558850557
899,0.07525799423
900,-0.2215286493
900,-0.287191689
900,-0.3199988604
901,-0.3199903071
901,0.09024498612
901,0.009662074037
902,-0.2707597613
902,-0.3036012948
902,-0.3199980259
903,-0.3199905157
903,0.09024406224
903,0.02599557489
904,-0.270760566
904,-0.3036018014
904,-0.3185868263
905,-0.3199914992
905,0.1394740641
905,0.1080167964
906,-0.1887092292
906,-0.2379619479
906,-0.3186505735
907,-0.3199913204
907,0.1722942442
907,0.07511375099
908,-0.09024775773
908,-0.1723211259
908,-0.2859118581
909,-0.319991231
909,0.2215252519
909,0.2379442453
910,-0.1066580415
910,-0.1398058385
910,-0.2039064616
911,-0.2707606554
911,0.2051158696
911,0.2719448507
912,-0.02460762113
912,-0.1230892614
912,-0.1875422001
913,-0.2543512285
913,0.270757556
913,0.2883453965
914,-0.02460782975
914,-0.07385786623
914,-0.1383101642
915,-0.2051206529
915,0.2871665061
915,0.2883711457
916,0.07385420054
916,0.02460243553
916,-0.1054747403
917,-0.1722996682
917,0.30357638
917,0.2884009182
918,0.1066754758
918,0.05710311234
918,-0.02336891741
919,-0.09024763852
919,0.3031893373
919,0.3049381673
920,0.1066758931
920,0.0898559466
920,0.07519606501
921,0.008214307018
921,0.3199912012
921,0.303593874
922,0.1559048742
922,0.07383740693
922,-0.04102145508
923,0
923,0.3199978173
923,0.3215592504
924,0.139491275
924,0.05685757101
924,-0.02306120843
925,-0.02461116761
925,0.3035963178
925,0.3213811219
926,0.1230704412
926,0
926,-0.1220611557
927,-0.1887240708
927,0.3036033809
927,0.3043917716
928,0.07382471114
928,0.02462869138
928,-0.04025030136
929,-0.1395086497
929,0.2871926427
929,0.3038145304
930,0.04099674895
930,-0.04101281241
930,-0.1721598655
931,-0.1559263617
931,0.2871899605
931,0.2707805336
932,-0.008230803534
932,-0.1558872908
932,-0.1397325844
933,-0.2051538825
933,0.2379439175
933,0.2211667597
934,-0.09027509391
934,-0.139489159
934,-0.1725623757
935,-0.2379674017
935,0.2215368152
935,0.1559055597
936,-0.1066815853
936,-0.1723106056
936,-0.2379408181
937,-0.303604722
937,0.1727501601
937,0.1064426303
938,-0.1395002156
938,-0.2210949957
938,-0.1889424622
939,-0.2707822621
939,0.1723034829
939,0.106600821
940,-0.1559087783
940,-0.188722983
940,-0.3036562204
941,-0.3200113475
941,0.1394817382
941,0.1230358556
942,-0.139497906
942,-0.2707753181
942,-0.2873871326
943,-0.3200107217
943,0.20511356
943,0.1722918302
944,-0.1723178476
944,-0.2543670535
944,-0.3199308217
945,-0.3200101554
945,0.1230609342
945,0.1066734791
946,-0.1394967884
946,-0.2051445246
946,-0.2707625031
947,-0.320009619
947,0.1890919209
947,0.1394978315
948,-0.1887274683
948,-0.270778805
948,-0.2871688902
949,-0.3200095296
949,0.1558874547
949,0.09028238803
950,-0.1723168045
950,-0.2543691993
950,-0.3199740052
951,-0.303598851
951,0.1230521128
951,0.1065397933
952,-0.2543681264
952,-0.2871897817
952,-0.3199745417
953,-0.3200091422
953,0.0902459994
953,0.1559264809
954,-0.1887269765
954,-0.2379592359
954,-0.3035841584
955,-0.3200090826
955,0.09061238915
955,0.0738318637
956,-0.1887261868
956,-0.2707804739
956,-0.3199395239
957,-0.3200082481
957,0.05742301047
957,0.0411102958
958,-0.2051358819
958,-0.3200132549
958,-0.3199151754
959,-0.3200076818
959,0.1066311002
959,0.05736802518
960,-0.2051361501
960,-0.2707895935
960,-0.3199262619
961,-0.3035976887
961,0.09024441987
961,0.07385132462
962,-0.2871876657
962,-0.2707811594
962,-0.3200107217
963,-0.3200081885
963,0.09023033082
963,0.1066720188
964,-0.2543676198
964,-0.2871906161
964,-0.3199543357
965,-0.3200086355
965,0.090245381
965,0.07388753444
966,-0.1887266785
966,-0.2379597425
966,-0.2871381342
967,-0.3200087249
967,0.1230660602
967,0.1066208258
968,-0.1559063941
968,-0.3036005199
968,-0.3035576046
969,-0.303598702
969,0.09023848921
969,0.1559231728
970,-0.1887270808
970,-0.2707798183
970,-0.2871540189
971,-0.3200091422
971,0.2051181197
971,0.1066752449
972,-0.15590702
972,-0.3035997748
972,-0.28708902
973,-0.270778805
973,0.1394770592
973,0.1559105068
974,-0.1066761315
974,-0.1723177582
974,-0.2379429638
975,-0.3035992086
975,0.1722899228
975,0.1886683404
976,-0.1559064835
976,-0.2051386833
976,-0.3035611212
977,-0.3200090528
977,0.2051176727
977,0.1559264809
978,-0.1559064686
978,-0.2379592359
978,-0.2379196584
979,-0.2543680072
979,0.2051072121
979,0.1888106167
980,-0.1230844483
980,-0.2871930003
980,-0.2544044852
981,-0.3035972416
981,0.1230581626
981,0.106739074
982,-0.155902788
982,-0.2215670943
982,-0.3198078871
983,-0.3200053573
983,0.1066475213
983,0.1558992267
984,-0.2215424478
984,-0.2543791831
984,-0.3196856976
985,-0.3200039864
985,0.1066486835
985,0.1398391277
986,-0.1887210906
986,-0.2707881629
986,-0.3196989894
987,-0.3200031221
987,0.1066481769
987,0.05775131285
988,-0.2543618083
988,-0.2707990706
988,-0.3196843266
989,-0.3200028241
989,0.1066475213
989,0.05775642022
990,-0.2215411961
990,-0.2705051601
990,-0.3032691181
991,-0.3200027347
991,0.1066470519
991,0.05775763094
992,-0.2543616891
992,-0.2705053985
992,-0.3197279572
993,-0.3200027049
993,0.1066467464
993,0
994,-0.1887206435
994,-0.2707892954
994,-0.319677949
995,-0.3200027049
995,0.1066253185
995,0.1233011112
996,-0.2543616891
996,-0.2707894146
996,-0.3199995458
997,-0.3200027347
997,0.106646508
997,0.1233013198
998,-0.2543616593
998,-0.2708002031
998,-0.3197267056
999,-0.3200027049
999,0.1066357195
999,0.05775929987
1000,-0.2215411663
1000,-0.2705058157
1000,-0.3033159971
1001,-0.3200026751
1001,0.1230252311
1001,0.1233027801
1002,-0.2543616593
1002,-0.2707895339
1002,-0.319626838
1003,-0.3200027049
1003,0.1069295406
1003,0.05776019394
1004,-0.2543616593
1004,-0.2871997058
1004,-0.319675684
1005,-0.3200026751
1005,0.1230353639
1005,0.1233522221
1006,-0.2543616295
1006,-0.2871997654
1006,-0.3196752667
1007,-0.3200026453
1007,0.1066465378
1007,0.1234020516
1008,-0.1394898146
1008,-0.2707894742
1008,-0.2539846599
1009,-0.3200026453
1009,0.1230458841
1009,0.1234025285
1010,-0.2215411067
1010,-0.2869173586
1010,-0.3032641411
1011,-0.3200026155
1011,0.1066470146
1011,0.1066669002
1012,-0.2707715929
1012,-0.2871991992
1012,-0.3032507002
1013,-0.2871818542
1013,0.1722780913
1013,0.07384546846
1014,-0.1887195408
1014,-0.3197740316
1014,-0.3196169734
1015,-0.3200015724
1015,0.1397003978
1015,0.05779878795
1016,-0.205129385
1016,-0.2707876265
1016,-0.319636941
1017,-0.3200011849
1017,0.1230468377
1017,0.1394858807
1018,-0.3200010359
1018,-0.2871981859
1018,-0.3196276128
1019,-0.3200010657
1019,0.09044731408
1019,0.1070200875
1020,-0.2379494011
1020,-0.3036084473
1020,-0.30359146
1021,-0.3200006783
1021,0.07380402833
1021,0.09060735255
1022,-0.2871802151
1022,-0.3036089242
1022,-0.3196079731
1023,-0.3200007379
1023,0.07382660359
1023,0.02503145486
1024,-0.2871805131
1024,-0.3036092818
1024,-0.3200014532
1025,-0.3200010657
1025,0.07406506687
1025,0.09065458924
1026,-0.2871808112
1026,-0.3036323488
1026,-0.3196454942
1027,-0.3035910726
1027,0.07382587343
1027,0.09063968807
1028,-0.270770818
1028,-0.303609848
1028,-0.2703861296
1029,-0.3200016022
1029,0.0738036409
1029,0.09058026969
1030,-0.1723095328
1030,-0.2379689217
1030,-0.3196304142
1031,-0.3200018704
1031,0.1066352129
1031,0.1070292294
1032,-0.2707712054
1032,-0.3036319315
1032,-0.319729954
1033,-0.3200019598
1033,0.1066464782
1033,0.09061113745
1034,-0.2707713246
1034,-0.3036317527
1034,-0.3197389245
1035,-0.3200021088
1035,0.1066462696
1035,0.09025648981
1036,-0.2707715034
1036,-0.3036209345
1036,-0.3200000226
1037,-0.3200023174
1037,0.07381472737
1037,0.09054426104
1038,-0.2707716525
1038,-0.3036209941
1038,-0.3197122514
1039,-0.3200024366
1039,0.07382560521
1039,0.1066670418
1040,-0.2543615401
1040,-0.2543793619
1040,-0.319767952
1041,-0.3200025856
1041,0.1066461205
1041,0.1069913507
1042,-0.2707718909
1042,-0.3200205266
1042,-0.319675386
1043,-0.3035924137
1043,0.09023595601
1043,0.04134856537
1044,-0.1559001356
1044,-0.3200204968
1044,-0.3196771145
1045,-0.3200027049
1045,0.1066461504
1045,0.1069875658
1046,-0.2543617487
1046,-0.2871999443
1046,-0.319679141
1047,-0.2707719505
1047,0.09022516757
1047,0.1069364622
1048,-0.2543617487
1048,-0.2872106731
1048,-0.3197302222
1049,-0.3200027943
1049,0.09052283317
1049,0.04134412482
1050,-0.2379515171
1050,-0.2871999741
1050,-0.319999367
1051,-0.3200027943
1051,0.0902358368
1051,0.1069329679
1052,-0.2543618083
1052,-0.2871999741
1052,-0.319683522
1053,-0.3200028241
1053,0.090235807
1053,0.05775072798
1054,-0.2543618381
1054,-0.2872107029
1054,-0.3197354972
1055,-0.3200028539
1055,0.1233485118
1055,0.1069304943
1056,-0.2543618679
1056,-0.2872000933
1056,-0.3196356893
1057,-0.3200028837
1057,0.0902357772
1057,0.05774928629
1058,-0.2543618679
1058,-0.2869102657
1058,-0.270555824
1059,-0.3200028837
1059,0.1230562851
1059,0.05743654072
1060,-0.2379516363
1060,-0.2872000635
1060,-0.3032269478
1061,-0.3200029135
1061,0.1230456159
1061,0.1233378127
1062,-0.1559003741
1062,-0.2707898617
1062,-0.2871787548
1063,-0.3200029433
1063,0.1230563745
1063,0.1233889386
1064,-0.1559003443
1064,-0.2707898021
1064,-0.2868674695
1065,-0.3200029135
1065,0.2215182483
1065,0.2379493415
1066,-0.1066694558
1066,-0.1559177339
1066,-0.2704514563
1067,-0.2707720101
1067,0.2050977349
1067,0.2218699753
1068,-0.07384864241
1068,-0.172327593
1068,-0.2540274262
1069,-0.3200025558
1069,0.3202601075
1069,0.2382774651
1070,0.02461282164
1070,-0.07358599454
1070,-0.1391583979
1071,-0.1558999866
1071,0.3035707772
1071,0.320355922
1072,0.05743383989
1072,0
1072,-0.007942331024
1073,-0.1230789647
1073,0.3199827671
1073,0.3040162623
1074,0.1723069102
1074,0.1068622544
1074,0.04145249724
1075,-0.0246161893
1075,0.2871677577
1075,0.2712955177
1076,0.1558984071
1076,0.1394612193
1076,0.04158334807
1077,-0.02461449057
1077,0.3035589457
1077,0.28790465
1078,0.2215402722
1078,0.1394773871
1078,0.07384148985
1079,0
1079,0.3199879825
1079,0.3209201097
1080,0.2215432823
1080,0.1722948402
1080,0.04194783047
1081,-0.02461063117
1081,0.3035714924
1081,0.2871708572
1082,0.1723148078
1082,0.1555995196
1082,0.02572797984
1083,-0.04101814702
1083,0.303570658
1083,0.3212646842
1084,0.2051348984
1084,0.1230578944
1084,0.05867360532
1085,-0.008198481984
1085,0.3199865818
1085,0.2886003256
1086,0.1887177527
1086,0.1553595066
1086,0.04244539142
1087,-0.02461554855
1087,0.3199951649
1087,0.3049551249
1088,0.1887087822
1088,0.05743099749
1088,0.04238464311
1089,-0.02462451905
1089,0.3200061619
1089,0.3205799758
1090,0.1722896248
1090,-0.008198869415
1090,0.07468468696
1091,-0.07386406511
1091,0.3035984039
1091,0.320009619
1092,0.09022793919
1092,0.0246238783
1092,-0.02426704019
1093,-0.1231053844
1093,0.3199983835
1093,0.3034232259
1094,0.07382192463
1094,0.04102414846
1094,-0.02479889244
1095,-0.1231011674
1095,0.303584218
1095,0.28702721
1096,0.0410075672
1096,-0.07385138422
1096,-0.1727112681
1097,-0.1559155285
1097,0.2871765494
1097,0.3033092916
1098,0.008190898225
1098,-0.07385990769
1098,-0.1723003238
1099,-0.2871937454
1099,0.2547820508
1099,0.2706158161
1100,0.008194116876
1100,-0.1394933462
1100,-0.205192253
1101,-0.2051392198
1101,0.2711484432
1101,0.2542689443
1102,-0.05744425952
1102,-0.1723196357
1102,-0.2380385101
1103,-0.2543673515
1103,0.3199827373
1103,0.2216745317
1104,-0.1394938827
1104,-0.2051463574
1104,-0.2706325054
1105,-0.3200067282
1105,0.1886971295
1105,0.2217149138
1106,-0.09026236087
1106,-0.3196439445
1106,-0.2870026231
1107,-0.3200059533
1107,0.2051056623
1107,0.2216696739
1108,-0.09026209265
1108,-0.3196534216
1108,-0.3198077083
1109,-0.3035954237
1109,0.2543270588
1109,0.3037807941
1110,-0.1394929141
1110,-0.3196491599
1110,-0.2871079147
1111,-0.3200057149
1111,0.2871556282
1111,0.2709673047
1112,-0.1559030265
1112,-0.3200240135
1112,-0.319801867
